name,price
PYTHON编程导论(第2版),51.10
笨办法学python3 基础教程 精通核心编程语言书籍 计算机程序设计从零到入门到实践手册,46.90
Python机器学习入门（影印版 英文版）,72.30
包邮Python3网络爬虫开发实战+Python3爬虫 数据清洗与可视化实战+数据分析入门,140.60
趣学Python编程,35.50
Python 3网络爬虫开发实战 崔庆才 9787115480347,57.42
深入浅出深度学习：原理剖析与Python实践,70.30
树莓派Python编程入门与实战(第2版),51.10
教孩子学编程(Python语言版),45.40
从零开始学Python网络爬虫,44.80
PYTHON基础教程(第3版),80.19
零基础学Python（全彩版）,39.90
流畅的Python  语言编程教程书籍 python代码大全 爬虫Python,138.00
Python数据分析实战,46.60
Python 3网络爬虫开发实战 Python 3网络爬虫开发实战 python语言编程教,71.20
正版 Python编程从零基础到项目实战 微课视频版 刘瑜 Python基础教程第3版P,67.20
Python高效开发实战：Django、Tornado、Flask、Twisted,79.20
Python数据可视化编程实战,38.60
图解数据结构--使用Python,63.20
11招玩转网络安全：用Python，更安全,57.80
流畅的Python [巴西]卢西亚诺·拉马略(Luciano Ramalho) 人民邮电出,102.80
Python绝技,59.30
Python编程 从入门到实践,72.70
Python金融实战,62.40
Python地理数据处理,58.80
包邮 Python地理空间分析指南+基于ArcGIS的Python编程 教你如何完成地理信息处理,108.80
Python 黑帽子：黑客与渗透测试编程之道,43.40
Python编程从入门到实践+Python基础教程（第3版）（套装共2册）,118.40
Python 3.7从零开始学,64.00
Python 3 数据分析与机器学习实战,50.30
自动化平台测试开发：Python测试开发实战,54.40
算法图解,40.00
跟老齐学Python：Django实战,61.40
Python从入门到精通（软件开发视频大讲堂）,64.60
Python数据分析入门――从数据获取到可视化,52.50
像计算机科学家一样思考Python 第2版,38.60
Python学习手册（原书第5版） 计算机与互联网 书籍|8053406,153.30
Python 3 面向对象编程（第2版）,82.90
Python数据分析与挖掘实战 Python核心编程 Python语言开发入门教程 Python编程,49.90
Python语言程序设计基础(第2版),30.30
Python编程入门 (第3版 ),30.00
正版 Python带我起飞:入门、进阶、商业实战 计算机 网络 程序设计 Python入,61.80
利用Python进行数据分析（原书第2版） 计算机与互联网 书籍|8050025,82.00
Python机器学习实践：测试驱动的开发方法,45.80
Python黑帽子,40.40
零基础学Python（全彩版）,57.90
Python编程从入门到精通,66.20
Python核心编程（第3版）,80.90
Python从入门到项目实践（全彩版）,72.40
Python基础教程（第3版）,80.90
Python编程从零基础到项目实战（微课视频版）,63.80
Python计算机视觉编程,50.00
Python程序设计案例课堂,52.40
现货  “笨办法”学Python（第3版 附光盘1张） Python入门书籍,38.50
Python核心编程（第3版）,99.00
Python数据分析与挖掘实战/大数据技术丛书,56.60
包邮 Python游戏编程入门 +Python游戏编程快速上手 第4版 2本,89.00
包邮 Python编程从入门到精通 叶维忠 著 python语言编程教程书籍 人民邮电出版社,58.60
和孩子一起玩编程 中小学编程入门书 趣学python编程入门零基础教孩子学编程的书 少儿小学生儿童趣,50.00
Python编程导论 第2版,54.40
数据结构与算法：Python语言实现 计算机与互联网 书籍|1016124,75.50
Python基础教程 第3版Python简明教程书籍 Python编程从入门到实践 灵程序设计丛书,69.60
Python程序设计 第3版,54.50
Python数据分析 第2版,54.40
Python袖珍指南（第5版）,30.00
从零开始学Python数据分析与挖掘,64.00
Python机器学习 预测分析核心算法,54.40
Python带我起飞 入门、进阶、商业实战,70.30
Python深度学习,46.50
Python程序员面试算法宝典,53.60
正版包邮 Python编程 从入门到实践 基本教程到完整项目开发爬虫学习数据分析处理 语言程序设计p,59.00
Python机器学习基础教程,57.30
图解算法 使用Python书籍 简单有趣的算法入门书吴灿铭,36.40
Python与量化投资：从基础到实战,77.90
Python数据处理 爬虫抓取数据清洗与分析方法,70.70
流畅的Python,100.80
Python编程从入门到精通 Python基础教程,48.80
Python贝叶斯分析,51.10
笨办法学Python 3,48.20
Python编程（第4版 套装上下册）,176.00
利用Python进行数据分析（原书第2版）,95.80
Python编程快速上手 让繁琐工作自动化,56.40
电子工业：Python与量化投资：从基础到实战 * 王小川等,74.25
MicroPython入门指南 邵子扬 电子工业出版社,48.80
包邮 Python设计模式 第2版   python3程序设计 编程基础教程书籍,29.60
包邮 Python网络爬虫从入门到实践/计算机网络爬虫基础入门到精通/书籍|6558042,34.30
Python微控制器编程从零开始 使用MicroPython,37.90
毫无障碍学Python,46.40
零起点Python大数据与量化交易 何海群 9787121306594,74.30
和孩子一起玩编程 少儿趣味编程 零基础编程入门自学教程 Python儿童编程书籍 STEM编程课程书,51.00
Python数据分析实战,65.20
Python基础教程第3版+数据结构 Python语言描述+Python算法教程(,176.70
官方正版 Python数据可视化之matplotlib实践 数据分析入门实战 python程序设计书,43.70
PyQt5快速开发与实战+Python Qt GUI快速编程—PyQt编程指南 2本,126.80
包邮基于ArcGIS的Python编程秘笈第2版+面向ArcGIS的Python脚本编程,89.00
Python机器学习经典实例,46.50
零基础入门学习Python 程序设计 零基础学编程核心学习教程随书附送96集免费视频教程,34.80
父与子的编程之旅 与小卡特一起学Python 教孩子编程的图书 python编程入门教程,46.00
python从菜鸟到高手 python编程 从入门到实践精通 python学习手册pyth,63.40
Python数据分析 第2版（影印版）,76.60
Python程序设计,66.40
Python科学计算(第2版),87.90
量化投资：以Python为工具,69.90
Python Linux系统管理与自动化运维,69.10
Python学习手册（套装上下册）（原书第5版）,175.20
Python游戏编程入门,38.60
贝叶斯思维 统计建模的Python学习法,38.60
Python测试之道,47.10
Python科学计算(第2版)（附光盘）,94.40
利用Python进行数据分析（原书第2版）,88.70
Python+Spark 2.0+Hadoop机器学习与大数据实战,79.20
Python编程 从入门到实践 基本教程概念到完整项目开发 爬虫学习 数据分析处理 编程语言程序设计,88.00
程序员学Python,70.20
Python数据可视化编程实战 第2版,54.40
Python网络数据采集,42.80
图灵程序设计丛书·Flask Web开发：基于Python的Web应用开发实战,46.50
Python学习手册,88.70
ABAQUS Python二次开发攻略 CAE分析大系,42.70
Python程序员面试算法宝典 python程序员面试技巧求职宝典应聘技巧书籍,46.60
Python Qt GUI快速编程,58.10
官方正版包邮 Python编程之美 最佳实践指南 Python基础教程 Python编程从入门到实践,65.90
Python神经网络编程,56.40
O'Reilly：Python学习手册（第4版）,82.80
Python 3网络爬虫开发实战,80.90
Python从菜鸟到高手,106.10
数据结构 Python语言描述,48.80
Python和Pygame游戏开发指南,49.40
教孩子学编程+趣学Python+父与子的编程之旅 全3册 教孩子编程的图书 python,130.90
数据科学导论：Python语言实现（原书第2版）,48.70
包邮 Python深度学习 Keras之父 深度学习技术书籍,85.80
【RY】正版 Python数据分析 第二2版 Python 数据科学教程书 数据分析 Python机,46.90
深入浅出Python机器学习,49.40
包邮 Python程序员面试算法宝典+百面机器学习 算法工程师带你去面试书籍 2本,109.60
Python Qt GUI快速编程——PyQt编程指南 (英)Mark Summerfie,72.80
(正版特价)程序设计导论：Python语言实践（英文版） 计算机与互联网…|228056,55.60
Python编程快速上手 让繁琐工作自动化,50.00
Python核心编程 第3版(第3版),76.20
软件架构：Python语言实现,64.20
Python数据分析：基于Plotly的动态可视化绘图,66.20
Head First Python(中文版)第二版 python从入门到实践 python编程,76.00
Python与数据挖掘,38.10
Python编程快速上手--让繁琐工作自动化,54.24
Python语言在Abaqus中的应用（附CD-ROM光盘1张）,39.60
Python自然语言处理,65.20
Python机器学习实践:测试驱动的开发方法,39.50
Python高手之路(第3版),40.70
Python编程-从入门到实践 从基本概念到完整项目开发 机器学习 数据处理 编程语言程序设计,57.80
Python自动化运维：技术与最佳实践,53.60
Python深度学习,86.30
Python语言及其应用,62.30
PYTHON基础教程(第三版),70.80
正版现货 数据结构与算法：Python语言实现/数据库算法/python语言计算机书|1016124,76.30
Python 并行编程手册,49.40
Python编程 从入门到实践 python核心编程基础教程书籍 从入门到精通,65.00
人民邮电：Python编程从入门到实践,62.00
Python机器学习实践,44.80
数据科学实战手册 R+Python,46.60
Python 3.7从零开始学 笨方法学python编程快速上手从入门到精通 语言程序设计基础教程,58.50
基于Python的大数据分析基础及实战,55.80
Python零基础入门学习-水木书荟,35.40
Python数据分析与挖掘实战,55.50
利用Python进行数据分析,79.10
流畅的Python,98.00
从Python开始学编程,41.00
Python数字信号处理应用,37.70
包邮 【扫码看视频】笨办法学python3+Python核心编程(第3版) 基础编程从入门到实践2本,116.80
Python爬虫开发与项目实战,62.40
核心编程第3版+编程快速上手 +Python（第3版）+数据分析实战【4本】,264.00
【R】用Python写网络爬虫 第2版,33.81
流畅的Python+Python大战机器学习+网络爬虫实战+Python机器学习 5本,310.00
Python 3.7从零开始学 全程视频教学 兄弟连教育组织编写书籍,54.60
Python与量化投资,72.80
Python可以这样学,55.20
Python3网络爬虫开发实战崔庆才 Scrapy数据分析处理手册数据抓取指南 计算机编程语言 默认47,62.00
Python设计模式 第2版,30.70
包邮 Python自然语言处理实战：核心技术与算法|8004503,48.30
Python 3程序开发指南（第2版 修订版）,54.40
【R】预售 Python 3网络爬虫开发实战 崔庆才Scrapy数据分析处理手册 数据抓取,71.35
包邮Python测试之道+自动化平台测试开发：Python测试开发实战,88.00
编程超有趣 奇妙Python轻松学 第1辑 超级简单的基础知识,51.10
Selenium 2自动化测试实战 基于Python语言,46.60
Flask Web开发 基于Python的Web应用开发实战 第2版,54.40
从零开始学Python网络爬虫,45.80
你也能看得懂的Python算法书,47.10
Python编程从入门到实践python3.0绝技核心编程基础教程网络爬虫入门书籍,52.80
Python游戏编程入门+C++游戏编程入门+游戏编程入门 全3册 游戏编程入门书籍,123.50
Python编程快速上手 让繁琐工作自动化,69.00
数据结构与算法 Python语言实现,86.70
包邮 Python数据可视化之matplotlib实践+Python数据可视化编程实战 第2二版,95.00
Python绝技：运用Python成为顶级黑客,55.80
Python算法教程,48.80
NLTK基础教程 用NLTK和Python库构建机器学习应用,41.00
笨办法学Python3 编程从入门到实践教程书 代码基于Python3.6基础教程自学书,46.00
Python 3 面向对象编程(第2版) (加)Dusty Phillips(达斯帝·菲利,77.80
C++ Primer Plus(第6版)(中文版) 赠送视频学习课程 计算机语言程序从入门到精深书籍,65.80
包邮现货Effective Python：编写高质量Python代码的59个有效方法|4912460,41.30
Python游戏编程快速上手 第4版,54.40
Python数据分析与挖掘实战 计算机与互联网 书籍|4894338,47.50
【R】Python程序设计基础教程 慕课版 大学教材,27.07
零起点Python足彩大数据与机器学习实盘分析,82.90
零基础入门学习Python 小甲鱼计算机/网络 从入门到实践学习程序设计 零基础学编程基础学习教程,33.80
Python高性能编程,62.30
Python机器学习,61.30
零起点Python大数据与量化交易,88.10
Python 深度学习实战：75个有关神经网络建模、强化学习与迁移学习的解决方案,61.30
Python Qt GUI快速编程：PyQt编程指南,62.30
Python数据分析从入门到精通,61.40
Python 3.5从零开始学,47.20
Python编程 从入门到实践 [美]埃里克·马瑟斯(Eric Matthes) 人民邮电,67.80
Python编程(第4版),145.50
Python云原生：构建应对海量用户数据的高可扩展Web应用,79.20
华章程序员书库·Python编程实战：运用设计模式、并发和程序库创建高质量程序,54.20
Python 3标准库,167.20
Head First Python（第二版）,90.40
Python Cookbook（第3版）中文版,76.20
Python自然语言处理,62.80
Python深度学习,97.20
Python应用开发实战,66.20
包邮 Python基础教程 第3版 图灵程序设计丛书 编程新手入门 软件工具 python,73.20
Python 金融大数据分析 python3爬虫数据分析 入门基础教程 金融分析处理与开发书籍 数学,69.50
包邮 Python程序员面试算法宝典+剑指Offer 名企面试官精讲典型编程题书籍 2本,94.60
程序设计导论：Python语言实践（英文版）,109.20
PYTHON核心编程(第2版),65.90
Python爬虫开发与项目实战,61.30
零起点Python机器学习快速入门,49.40
零基础入门学习Python 实用·好玩·参与 程序设计核心编程学习手册,35.00
Python计算机视觉编程,54.40
Selenium自动化测试 基于 Python 语言,38.60
Python社会媒体挖掘 python数据科学入门教程书籍,48.80
Python机器学习实践指南,53.10
Python金融实战,62.40
Python计算机视觉编程,50.00
Python程序设计案例课堂,52.40
码农翻身：用故事给技术加点料,57.80
用Python写网络爬虫 第2版,34.60
Python数据可视化,54.20
Python基础教程(第2版)(修订版) 零基础入门学习Python 编程语言与程序设计 新华正版书,64.20
Python：统计人的视角/统计数据分析与应用丛书,27.00
包邮 数据结构与算法：Python语言描述/Python书籍结构算法/计算机教材|4909472,31.50
Python数据分析与挖掘实战/大数据技术丛书,56.60
【全3册】Python神经网络编程+深度学习 [deep learning]+机器学习,257.90
Python+Spark 2.0+Hadoop机器学习与大数据实战 林大贵 计算机与互联,73.80
Python 3.6零基础入门与实战,47.20
Python绝技：运用Python成为顶级数据工程师,70.30
Python数据科学：技术详解与商业实践 计算机与互联网 书籍|8049590,69.30
青少年学Python,58.50
Python趣味编程入门,41.00
【虎彩 按需出版】Python高级编程 {法}Tarek Ziade 著 人民邮电出版社,67.50
Flask Web开发 基于Python的Web应用开发实战2版 Web开发入门教材,43.47
Python算法教程,50.00
Python密码学编程,57.80
python编程 从入门到实践 零基础学python3.5 pathon核心技术网络爬虫书籍,78.00
Python网络编程（第3版）,62.30
电子工业：Python与量化投资：从基础到实战 * 王小川等,74.25
MicroPython入门指南 邵子扬 电子工业出版社,48.80
包邮 Python设计模式 第2版   python3程序设计 编程基础教程书籍,29.60
包邮 Python网络爬虫从入门到实践/计算机网络爬虫基础入门到精通/书籍|6558042,34.30
Python编程之美：最佳实践指南,66.50
深度学习入门 基于Python的理论与实现 斋藤康毅 Python源代码分析书籍,39.80
Python 金融大数据分析 python3爬虫数据分析 入门基础教程 金融分析处理与开发书籍 数学,69.50
包邮 OpenCV 3计算机视觉：Python语言实现（原书第2版）|4966057,34.30
Python极客项目编程,54.50
像计算机科学家一样思考Python(第2版),35.50
Python深度学习实战,60.00
从零开始学Python数据分析（视频教学版）,54.50
【正版】流畅的Python  python进阶书籍 计算机编程语言 数据分析从入门到实践爬虫核心编程,89.00
笨办法学Python3 python基础教程编程入门 编程python视频教程python书籍 py,38.00
Python基础教程 第3版Python简明教程书籍 Python编程从入门到实践 灵程序设计丛书,81.20
Python网络编程(第3版),58.50
"Python Cookbook(中文版,第3版)",78.30
Python测试驱动开发 使用Django Selenium和JavaScript进行Web编程,93.80
流利的Python语言（影印版 英文版）,93.20
Python微控制器编程从零开始 使用MicroPython,37.90
毫无障碍学Python,46.40
零起点Python大数据与量化交易 何海群 9787121306594,74.30
和孩子一起玩编程 少儿趣味编程 零基础编程入门自学教程 Python儿童编程书籍 STEM编程课程书,51.00
Python和Pygame游戏开发指南,49.40
中学生可以这样学Python 青少年编程 小学生编程 书籍,28.00
利用Python进行数据分析 python基础教程 python核心编程学习手册 计算机网络程序爬虫,59.20
Python编程导论 第2版 计算机编程入门 MOOC教材python编程入门 python编程从入,44.17
解析Python网络爬虫 核心技术 Scrapy框架 分布式爬虫书籍,36.80
Python Web开发实战 董伟明,81.80
Python程序设计开发宝典,55.90
教孩子学编程(Python语言版),45.40
图解算法——使用Python,39.70
跟老齐学Python：轻松入门,52.50
Python机器学习算法,61.40
基于ArcGIS的Python编程秘笈（第2版）,54.50
教孩子学编程+趣学Python+父与子的编程之旅 全3册 教孩子编程的图书 python,130.90
【R】Selenium自动化测试 基于 Python 语言 web UI测试入门书籍selen,38.85
Python机器学习经典实例,46.50
教孩子学编程+趣学Python+父与子的编程之旅 全3册 教孩子编程的图书 python,130.90
数据科学导论：Python语言实现（原书第2版）,48.70
包邮 Python深度学习 Keras之父 深度学习技术书籍,85.80
现货  Python编程快速上手 让繁琐工作自动化 Python入门,55.00
Python机器学习基础教程,64.80
"Python语言及其应用 [美] 卢布诺维克(Bill Lubanovic),丁嘉瑞, 9",45.82
Python网络爬虫从入门到实践,36.50
包邮Python机器学习 5个数据科学家案例解析+Python数据科学手册书籍,118.80
Python基础教程(第3版) [挪]芒努斯·利·海特兰德(Magnus Lie Hetl,57.42
Python编程导论 第2版,54.40
Head First Python(中文版)第二版 python从入门到实践 python编程,76.00
零基础入门学习Python 程序设计 零基础学编程核心学习教程随书附送96集免费视频教程,34.80
Python 语言构建机器学习系统 第2版（影印版）,55.30
现货2本 Python神经网络编程+精通数据科学：从线性回归到深度学习 深度学习人工智能,126.00
正版 Python 3网络爬虫开发实战 崔庆才Scrapy数据分析处理手册 python3网络爬虫,69.00
Python与机器学习实战:决策树、集成学习、支持向量机与神经网络算法详解及编程实现 何宇,40.02
Python可以这样学,55.20
Python数据分析 第2版（影印版）,76.60
Python学习手册 第4版 Python基础教程运维实践 核心编程基础教程网络爬虫入门书籍pyth,79.10
零基础学Python（图文版）,57.80
Effective Python  9787111523550  机械工业出版社,45.14
Python网络编程攻略 (英) M. O. Faruque Sarker著 人民邮电出版,36.40
Python 3网络爬虫开发实战+Python数据分析 基于Plotly的动态可视化绘图,133.50
父与子的编程之旅 与小卡特一起学Python 教孩子编程的图书 python编程入门教程,46.00
Python绝技：运用Python成为顶级数据工程师,70.30
Python程序设计,66.40
python从菜鸟到高手 python编程 从入门到实践精通 python学习手册pyth,63.40
Python金融数据分析,53.60
现货包邮Python深度学习 deep learning with python中文版人工智能机器学,89.80
Python测试驱动开发（影印版 英文版）,72.30
跟老齐学Python：Django实战,51.10
跟老齐学Python 轻松入门 齐伟Python入门书籍 python核心编程技术python语言编,43.70
Python学习从入门到实践+Python机器学习及实践从零开始通往Kaggle竞赛之路,65.00
Python设计模式 第2版,30.70
Python核心编程 第3版(第3版),76.20
Python游戏编程快速上手 第4版,54.40
Python与量化投资,72.80
Python3网络爬虫开发实战崔庆才 Scrapy数据分析处理手册数据抓取指南 计算机编程语言 默认47,62.00
Python数据分析：基于Plotly的动态可视化绘图,66.20
Python编程快速上手 让繁琐工作自动化  Python3编程从入门到实践 编程语言与程序设计书籍,48.00
Python语言程序设计基础(第2版),32.20
Python数据处理（影印版 英文版）,78.00
Python3面向对象编程(第2版),74.30
包邮树莓派机器人实战秘笈 第3版+树莓派开发实战+树莓派+传感器+Python树莓派编程,191.80
Python高手之路,36.30
Python从入门到项目实践 全彩版 明日科技 自学Python软件开发从入门到精通 网格爬虫,54.80
教孩子学编程+父与子的编程之旅:与小卡特一起学PythonPython语言版python y,95.60
机器人系统设计与制作：Python语言实现+ROS机器人程序设计（原书第2版）2本,96.00
机器人Python极客编程入门与实战,49.40
Python数据分析：基于Plotly的动态可视化绘图 孙洋洋  等 电子工业出版社,62.80
包邮 Python从菜鸟到高手+Python编程 从入门到实践 2本 python编程书,157.60
Python网络爬虫实例教程 视频讲解版,36.90
趣学Python编程 Jason Briggs 编程语言,35.10
Python与量化投资,82.20
现货  赠教学视频2500分钟 python从小白到大牛 300个示例源代码,66.80
包邮Python从菜鸟到高手+零基础入门学习Python Python3零基础入门自学教程书籍,132.80
区域包邮Selenium2自动化测试实战:基于Python语言+精通自动化测试框架设计,88.20
Python全栈开发实践入门 python全栈开发教程书籍 python全栈开发工程师前端后端开发测,69.00
Python从入门到精通  python编程从入门到实践书籍零基础入门学习从入门到精通python语,79.80
Python袖珍指南(第5版),28.50
机械工业：Python程序设计（原书第2版）,86.00
Python计算机视觉编程 核心编程设计开发基础教程 动态脚本语言教材 python高手之,49.60
包邮 Python 3网络爬虫开发实战+Python数据分析入门+Python 3爬虫、数据清洗3本,140.60
Python机器学习实践指南,53.10
深度学习入门 基于Python的理论与实现,48.20
零起点Python大数据与量化交易,69.30
Python3网络爬虫开发实战 崔庆才Scrapy数据分析处理手册 数据抓取指南,75.00
包邮 玩转Django 2.0 黄永祥 +Python新手使用Django架站的16堂课书籍,118.60
包邮自然语言处理理论与实战+Python自然语言处理实战核心技术与算法 自然语言文本提取书籍,109.80
自学Python 编程基础、科学计算及数据分析,62.40
O'Reilly：Python学习手册（第4版）,95.20
父与子的编程之旅 与小卡特一起学Python 中小学生编程 python编程入门教程 Python语,58.20
包邮 从零开始学Python数据分析与挖掘书籍 Python 3版本作为数据分析与挖掘实战的应用工具,57.30
Python并行编程参考手册（影印版）,53.60
教孩子学编程Python语言版 少儿趣味编程 少儿游戏编程 青少年兴趣编程 Python,26.80
机器学习实战 peter harrington著 python机器概念书籍 计算机电脑程序,48.30
Python文本分析 计算机与互联网 书籍|7836736,55.30
OpenCV 3计算机视觉 Python语言实现 原书第2版 计算机教材教程书籍 人脸检测与识别 图,33.10
Head First Python(中文版第2版),89.69
Python网络爬虫实例教程（视频讲解版）,40.70
Python参考手册+数据抓取技术与实战+开发实战+Python Qt GUI快速编程,257.60
Python高效开发实战+Python Web开发实战+Flask Web开发-基于Pyt,189.00
(正版特价)量化交易之路：用Python做股票量化分析 计算机与互联网 …|230782,44.50
正版 像计算机科学家一样思考Python 第2版 [美] 艾伦 B. 唐尼(Allen B,39.60
Python自然语言处理 [美]Steven Bird Ewan Klein Edward,51.62
Python编程从入门到实践 python3.0 绝技核心编程基础视频教程网络爬虫,76.70
图灵教育 包邮 Python基础教程 第3版 Python入门版,72.20
Python数据科学入门,38.70
Python机器学习入门（影印版 英文版）,63.00
(正版特价)精通Python网络爬虫：核心技术、框架与项目实战 计算机与…|230066,27.60
Python数据可视化编程实战 *2版 数据分析处理教程 数据科学 matplotlib,50.40
Python网络数据爬取及分析从入门到精通（分析篇）,50.10
【Python基础教程】Python网络编程第3版 Python3爬虫数据分析编程理解技术 Pyth,53.40
学习编程第一步 零基础上手Python开发,63.80
Python编程从入门到实践+用Python写网络爬虫 第2版 组套装,100.70
正版 Pythan爬虫开发 从入门到实战（微课版） 计算机网络 程序设计 Python,35.90
图解算法 使用Python,36.50
机器人系统设计与制作：Python语言实现,48.70
Python编程从入门到精通 零基础学编程基础教程核心编程图书 网络编程web开发大数据,57.70
Python科学计算基础教程,38.70
人邮新书 Python数据科学手册 数据分析计算书籍 机器学习 NumPy数据存储 Ma,81.20
3本 精通Python爬虫框架Scrapy+用Python写网络爬虫+Python3网络爬虫开发实战,147.90
PyQt5快速开发与实战,88.10
Python网络编程(Linux) Python语言编程入门教程书籍,27.60
Python编程导论 *2版 Python 3 MIT热门MOOC教材 计算机科学基础知,51.40
从零开始学Python网络爬虫 Python编程 Python入门到实践 网络爬虫书籍,46.90
[正版二手] Python数据分析实战9787115432209【意】内利/人民邮电,24.00
包邮 2本 精通Python爬虫框架Scrapy +用Python写网络爬虫 第2版,77.00
包邮小学生C++趣味编程+青少年学Python 趣学Python教程书籍,102.80
Python爬虫开发与项目实战 计算机与互联网 书籍|5894193,55.30
包邮 MXNet神经网络与量化投资+零起点Python大数据+TensorFlow与量化交易书籍,218.60
Python语言程序设计基础(第2版),32.20
Python网络编程(第3版),60.80
自动化平台测试开发-Python测试开发实战,58.70
包邮Python物理建模初学者指南+Python物理学高效计算+物理建模初学者指南,192.80
Python爬虫开发与项目实战,62.40
Python编程快速上手 让繁琐工作自动化  Python3编程从入门到实践 编程语言与程序设计书籍,48.00
Python数据处理（影印版 英文版）,78.00
Python3面向对象编程(第2版),74.30
Python高手之路,36.30
教孩子学编程+父与子的编程之旅:与小卡特一起学PythonPython语言版python y,95.60
机器人系统设计与制作：Python语言实现+ROS机器人程序设计（原书第2版）2本,96.00
机器人Python极客编程入门与实战,49.40
Python数据分析：基于Plotly的动态可视化绘图 孙洋洋  等 电子工业出版社,62.80
包邮 Python从菜鸟到高手+Python编程 从入门到实践 2本 python编程书,157.60
Python网络爬虫实例教程 视频讲解版,36.90
趣学Python编程 Jason Briggs 编程语言,35.10
Python与量化投资,82.20
包邮Python从菜鸟到高手+零基础入门学习Python Python3零基础入门自学教程书籍,132.80
Python语言及其应用书籍,56.80
深度学习入门 基于Python的理论与实现,48.20
Python数据挖掘入门与实践,42.80
人民邮电：PythonCookbook（第3版）中文版,75.00
Python基础教程（第3版）,99.00
包邮 Python自动化运维：技术与最佳实践|3804188,48.30
用Python写网络爬虫（第二版）,33.80
我的Python世界 玩《Minecraft 我的世界学Python编程书+树莓派实战全攻略书籍,141.80
包邮 Python学习手册（原书第5版）上下册2本/计算机编程设计书籍|8053406,153.30
包邮 PySpark实战指南：利用Python和Spark构建数据密集型|6877019,34.30
Python新手使用Django架站的16堂课,71.20
Python 程序设计基础实战教程,36.00
Python Cookbook(中文版 第3版) 计算机与互联网  初中级Python程序员晋级书籍,87.80
包邮 编程导论 以Python为舟 Python语言编程入门教程书籍 python3核心编程基础教程,53.80
Python数据分析入门 从数据获取到可视化 机器学习算法建模编程书  python数据处理 正版,43.10
正版包邮 Python编程 从入门到实践 基本教程到完整项目开发爬虫学习数据分析处理 语言程序设计p,56.00
Python网络爬虫实战(第2版),60.00
和孩子一起玩编程+编程真好玩 套装 趣学python 少儿编程真好玩 中小学编程入门书籍,110.20
Python网络爬虫实战（第2版）,58.50
父与子的编程之旅 与小卡特一起学Python 中小学生编程 python编程入门教程 Python语,58.20
Python机器学习实践指南,50.00
OpenCV算法精解：基于Python与C++ OpenCV入门教程书籍,51.50
Python树莓派编程,37.20
Python社会媒体挖掘,61.40
Python数据可视化编程实战 *2版 数据分析处理教程 数据科学 matplotlib,50.40
包邮 用Python写网络爬虫第2版+笨办法学Python 3 共2册图书籍,79.90
"【北京发货】Python语言及其应用 [美] 卢布诺维克(Bill Lubanovic),",54.80
包邮 Selenium自动化测试之道——基于Python和Java语言 计算机 软件开发,45.80
Python核心编程(第二版)(Python领域经典作品、非常有名的开发指南) ChunW,64.00
Python计算机视觉编程 核心编程设计开发基础教程 动态脚本语言教材,49.30
新书 Python数据科学手册 数据分析计算书籍 机器学习 NumPy数据存储 Ma,77.85
扫码看视频笨办法学python3 基础编程从入门到实践 核心编程语言书籍 计算机程序设计从零到入门,41.30
树莓派Python编程入门与实战(第2版),53.10
机器学习系统设计：Python语言实现,48.70
Python 3 基础教程 Python核心编程 Python入门自学,30.60
Python测试之道 Python3.6数据处理接口自动化测试并发测试技术 Python3.6编程程,38.28
毫无障碍学Python,44.10
PYTHON编程基础,32.60
Python绝技(运用Python成为顶级黑客)/安全技术大系,57.67
Python与有限元,41.50
Python深度学习：基于TensorFlow 计算机与互联网 书籍|8052596,54.50
用Python写网络爬虫+Python编程从入门到实践 全2册  Python编程序设计基础教程入门,102.00
Python参考手册(第4版·修订版),64.50
Web接口开发与自动化测试：基于Python语言 虫师 9787121310997 电子工,44.80
Python金融衍生品大数据分析,77.20
和孩子一起玩编程 中小学编程入门书 趣学python编程入门零基础教孩子学编程的书,49.50
Python贝叶斯分析,56.60
Python爬虫框架Scrapy 计算机类-软件开发 迪米特里,46.02
我的Python世界 玩《Minecraft我的世界》学Python编程,57.80
深入浅出Python机器学习,49.40
Python高性能编程,57.87
人邮新书 Python 3网络爬虫开发实战 崔庆才Scrapy数据分析处理手册 数据抓取,74.00
零起点Python大数据与量化交易,77.20
趣学Python：教孩子学编程 布里格斯 9787115381439 人民邮电出版社,46.00
流利的Python语言(影印版)(英文版),80.24
学习编程第一步 零基础上手Python开发 Python编程入门教程书籍 Python库构建Web应,59.80
Python数据分析基础 零编程经验也可学会用Python语言进行数据分析,51.40
Python编程从入门到实践 基础教程 核心编程,59.80
笨办法学Python 3,43.10
和孩子一起玩编程 中小学编程入门书 趣学python编程入门零基础教孩子学编程的书 少儿小学生儿童趣,50.00
流畅的Python,112.90
Python统计分析 建模 数据分析 讲述统计数据分析与应用书籍,55.60
Python语言在Abaqus中的应用 脚本接口快速建模访问输出,35.90
PYTHON数据可视化之MATPLOTLIB实践,44.80
Python数据科学入门 德米特里·齐诺维耶夫 9787115470607 人民邮电出版社,36.80
Python和Pygame游戏开发指南 Python语言编程指南 Pygame Pytho,38.35
Python 3学习笔记上卷 python3.6语言教程 python编程从入门到实战 pyt,56.96
青少年学Python 中小学生计算机编程入门 青少年编程入门教程 核心编程零基础学python编程,59.20
Python从菜鸟到高手 Python核心知识点以及Python在Web开发 数据,95.60
Python网络数据采集 python语言网络数据采集教程书籍 python编程基础入门教,43.60
现货 流畅的Python 计算机编程语言 Python核心技术 编程思想,99.00
青少年学Python,66.20
包邮 学习OpenCV3 中文版+深度学习与计算机视觉+Python计算机视觉编程+Python语言,256.60
Python 3.0科学计算指南,51.10
[按需印刷]编写高质量代码：改善Python程序的91个建议 计算机与互…|3770256,59.00
Python网络编程(Linux)（大数据与人工智能技术丛书）,33.10
机器人Python青少年编程开发实例,49.40
Python数据可视化,54.20
Python算法教程+数据结构 Python语言描述 语言编程入门 利用Pytho,105.30
Web接口开发与自动化测试-基于Python语言,43.10
包邮 图解算法 使用Python+图解数据结构 使用Python 简单有趣的算法入门书,95.80
套装3本Python 3网络爬虫开发实战精通Python爬虫框架Scrapy 用Python写网络爬,147.00
Python自然语言处理实战,45.50
Python机器学习实践指南,51.80
Python高级编程-第2版,66.80
Python计算与编程实践:多媒体方法(原书第2版) 古兹迪阿尔 978711138738,53.10
PYTHON网络爬虫实例教程(视频讲解版),37.40
Python学习：从入门到实践 王学颖 9787302486978 清华大学出版社,37.00
Python高级编程 第2版 python 程序设计 编程源代码开发基础教程书籍,71.20
Python网络编程(Linux),32.80
(正版特价)预测分析：Python语言实现 计算机与互联网 书籍|230519,29.50
Python编程基础与HTTP接口测试,31.90
现货 Python3 网络爬虫开发实战  Scrapy数据分析处理手册 数据抓取指南,66.00
Python网络爬虫从入门到实践,38.50
Python编程入门 全3册 Python编程从入门到实践 零基础入门学习 基础教程,160.90
包邮 利用Python进行数据分析|3768783,62.30
深度学习 基于Keras的Python实践 魏贞原Keras编程框架书深度学习入门和实践应用图书 深,41.40
Python编程从入门到实践+Python核心编程(第3版) 组套装,137.20
笨办法学Python3 编程从入门到实践教程书 代码基于Python3.6基础教程自学书,46.00
基于ArcGIS的Python编程秘笈(第2版),51.10
人民邮电：Python编程从入门到实践,62.00
【RY】正版 Python数据分析 第二2版 Python 数据科学教程书 数据分析 Python机,46.90
图灵教育 Python机器学习经典实例 人工智能 机器人 无人驾驶,47.20
玩转Python网络爬虫,52.40
Python设计模式 *2版 程序设计 python,29.10
教孩子学编程Python语言版 零基础学编程 Python入门教程书籍 儿童编程语言启蒙书,45.00
包邮 虫术 Python绝技+用Python写网络爬虫第2版+Python 3网络爬虫开发实战书籍,183.50
PYTHON编程基础,29.90
PYTHON从菜鸟到高手,107.50
21天学通Python(第2版),49.60
PYTHON数据可视化之MATPLOTLIB实践,49.00
Python 3.0科学计算指南,56.60
Python自然语言处理实战,58.00
"教孩子学编程趣学Python编程  [美]Jason Briggs,R3S",32.90
Python 3.6零基础入门与实战 王启明 赠送示例源代码与教学视频Python3.6入门教,37.76
Flask Web开发:基于Python的Web应用开发实战 第2版,51.10
包邮 量化投资 以Python为工具 Python语言处理 数据Python金融 量化投资,65.80
Python地理数据处理,66.20
基于Python的大数据分析基础及实战 Python编程,38.40
利用Python进行数据分析 原书第2版 基础教程Python实践从入门到精通计算机数据分析数据科学,73.40
Python网络编程(Linux),19.30
Python地理空间分析指南(第2版),58.50
【RY】教孩子学编程Python语言版 python从入门到实践 python核心技术 pytho,40.10
Python数据处理 [美] 杰奎琳·凯泽尔(Jacqueline Kazil)凯 978,57.42
Python数据处理,71.80
Python设计模式(第2版),28.30
Python核心编程(中文 第二版) (08年度畅销榜TOP50) 计算…|39969,71.20
包邮精通Python自然语言处理+Python自然语言处理实战+Python文本分析 NLP技术,155.50
Python学习从入门到实践 王学颖、刘立群、刘冰、司雨昌 9787302486978,27.84
Python 网络爬虫实战,47.80
Python基础实例教程 微课版,40.30
PYTHON程序设计基础实战教程 计算机与互联网 书籍,37.80
包邮跟老齐学Python：Django实战+高效开发实战+Web开发实战 Python 3,189.80
Python机器学习实践指南 程序设计 python书,51.75
小创客轻松玩转micro:bit+机器人Python编程开发实例+MicroPython入门指南,116.60
数据结构（Python语言描述）兰伯特 Python编程基础教程书籍,49.60
玩转Python轻松过二级 Python等级考试 Python二级考试 模拟试题 全国 python,31.36
Python与机器学习实战：决策树、集成学习、支持向量机与神经网络算法,55.00
笨办法学Python 3,44.80
Python编程 从入门到实践 [美]埃里克·马瑟斯(Eric Matthes) 9787,51.62
包邮 python 3标准库 计算机软件工具程序设计书籍,148.80
零起点Python大数据与量化交易 何海群 电子工业出版社,76.80
Python物理学高效计算,78.20
图灵程序设计丛书·Python数据分析基础教程：NumPy学习指南（第2版）,38.70
Python3学习笔记上卷,66.80
Python机器学习基础教程,57.70
Python程序设计案例教程：从入门到机器学习（微课版）,41.60
【RY】预售 数据结构 Python语言描述 Python语言版 国外高等院校信息科学与技术教材 计,46.90
玩转Django 2.0 黄永祥 深入剖析Django 2.0 Python Web网站项目开发实战,47.50
Python程序设计案例教程 从入门到机器学习 微课版,41.20
PYTHON从小白到大牛,74.80
你也能看得懂的PYTHON算法书,44.80
Python算法教程 赫特兰 9787115404831 人民邮电出版社,51.80
Python测试驱动开发：使用Django、Selenium和JavaScript进行We,89.20
跟老齐学Python：Django实战 齐伟 9787121325724 电子工业出版社,52.40
达人迷-Python趣味编程10例,66.80
用Python写网络爬虫 第2版,31.00
【R】Python应用开发实战 python核心编程 Python项目开发实战教程 Pytho,58.35
正版 自动化平台测试开发：Python测试开发实战 计算机网络 计算机网络 程序设计 自,54.40
Python数据挖掘入门与实践+Python网络数据采集  2本,86.00
Python新手使用Django架站的16堂课,65.00
Python学习从入门到实践 python网络爬虫 Python基础教程书籍 python学习,30.72
Python金融实战 [美] Yuxing Yan 严玉星 9787115457073,39.50
图解数据结构使用Python,58.50
预测分析：Python语言实现,48.70
Python Cookbook（中文版 第3版）,78.80
零起点Python机器学习快速入门/Top Quant CHRD前海智库,40.28
Python高手之路 第3版,46.10
PYTHON自然语言处理,60.00
Selenium 2自动化测试实战+Web接口开发与自动化测试 基于Python语言,88.00
Python3.5从零开始学,44.00
新书利用python进行数据分析 原书第2版 O'Reilly 基础教程 python实,90.80
零压力学Python,59.30
包邮PySpark实战指南 利用Python和Spark+Apache Spark机器学习,80.80
PYTHON高性能(第2版),43.70
【R】图灵教育 Python基础教程 第3版 Python入门版,69.90
PYTHON数据科学手册（影印版 英文版）,87.80
【新版】Python程序设计第3版  Python3 爬虫Python核心编程基础教程,69.00
正版 从零开始学Python数据分析与挖掘 刘顺祥,53.50
零起点Python大数据与量化交易 何海群 9787121306594,74.30
异步图书 Python贝叶斯分析 从务实和编程的角度讲解贝叶斯统计中的主要概念和应用 概,55.20
预测分析-Python语言实现,53.10
【JG】 Python机器学习实践:测试驱动的开发方法,47.20
【包邮】Python机器学习 预测分析核心算法,58.00
【正版包邮】Python编程快速上手 让繁琐工作自动化 Python语言基础教程学习书,53.60
【正版包邮】Python编程 从入门到实践 python3.5绝技核心编程基础教程,67.40
【正版包邮】像计算机科学家一样思考Python 第2版,48.00
零起点Python机器学习快速入门  何海*,46.00
Web接口开发与自动化测试——基于Python语言  虫师著,46.00
11招玩转网络安全——用Python，更安全 hstking 9787121341083,53.80
清华   图解算法——使用Python 9787302509882 清华大学出版社,42.10
机器人Python极客编程入门与实战/青少年学编程系列丛书,37.17
机器人Python青少年编程开发实例/青少年学编程系列丛书,37.17
Python核心编程 第3版 9787115414779,99.00
Python+Spark2.0+Hadoop机器学习与大数据实战,79.20
Python核心编程 第3版 编程从入门到实践 Python核心语言开发指南 自学教程基础书籍 程序,97.00
Python程序设计 第3版 Python编程从入门到实践 计算机程序设计3.0基础教程 精通核心编,70.00
Keras快速上手：基于Python的深度学习实战,51.40
Python文本分析/数据科学与工程技术丛书,67.20
Python核心编程(第二版)(Python领域经典作品、非常有名的开发指南),57.85
利用Python开源工具分析恶意代码/图灵程序设计丛书,84.30
【RT】 Python开发向导(云计算工程师系列),33.10
正版 Python基础教程 第2版 python2爬虫数据分析入门教程python编程教程 自学教程,77.00
Python数据分析从入门到精通 9787121336133 张啸宇  李静,44.90
Python 金融大数据分析 Python编程从入门到实践 核心编程基础教程 网络爬虫入门书籍 py,93.00
正版  Python数据分析入门——从数据获取到可视化 沈祥壮 俊彩图书专营店 计算机与互联网 书籍,47.20
包邮 从零开始学Python网络爬虫 Python网络爬虫开发原理工具书 python网,47.60
正版 Python网络爬虫实例教程（视频讲解版）网络爬虫概述  requests库入门,39.20
正版 Python编程从入门到精通 计算机与互联网 编程语言与程序设计 零基础学编程基础,60.30
正版 Python数据科学导论 概念、技术与应用 python语言编程教程书籍数据科学入,41.50
异步图书 Python贝叶斯分析 从务实和编程的角度讲解贝叶斯统计中的主要概念和应用 概,55.20
预测分析-Python语言实现,53.10
【JG】 Python机器学习实践:测试驱动的开发方法,47.20
【包邮】Python机器学习 预测分析核心算法,58.00
【正版包邮】Python编程快速上手 让繁琐工作自动化 Python语言基础教程学习书,53.60
【正版包邮】Python编程 从入门到实践 python3.5绝技核心编程基础教程,67.40
【正版包邮】像计算机科学家一样思考Python 第2版,48.00
零起点Python机器学习快速入门  何海*,46.00
Web接口开发与自动化测试——基于Python语言  虫师著,46.00
11招玩转网络安全——用Python，更安全 hstking 9787121341083,53.80
清华   图解算法——使用Python 9787302509882 清华大学出版社,42.10
机器人Python极客编程入门与实战/青少年学编程系列丛书,37.17
机器人Python青少年编程开发实例/青少年学编程系列丛书,37.17
Python核心编程 第3版 9787115414779,99.00
Python+Spark2.0+Hadoop机器学习与大数据实战,79.20
Python核心编程 第3版 编程从入门到实践 Python核心语言开发指南 自学教程基础书籍 程序,97.00
Python程序设计 第3版 Python编程从入门到实践 计算机程序设计3.0基础教程 精通核心编,70.00
Keras快速上手：基于Python的深度学习实战,51.40
Python文本分析/数据科学与工程技术丛书,67.20
Python核心编程(第二版)(Python领域经典作品、非常有名的开发指南),57.85
利用Python开源工具分析恶意代码/图灵程序设计丛书,84.30
【RT】 Python开发向导(云计算工程师系列),33.10
正版 Python基础教程 第2版 python2爬虫数据分析入门教程python编程教程 自学教程,77.00
Python数据分析从入门到精通 9787121336133 张啸宇  李静,44.90
Python 金融大数据分析 Python编程从入门到实践 核心编程基础教程 网络爬虫入门书籍 py,93.00
正版  Python数据分析入门——从数据获取到可视化 沈祥壮 俊彩图书专营店 计算机与互联网 书籍,47.20
包邮 从零开始学Python网络爬虫 Python网络爬虫开发原理工具书 python网,47.60
正版 Python网络爬虫实例教程（视频讲解版）网络爬虫概述  requests库入门,39.20
正版 Python编程从入门到精通 计算机与互联网 编程语言与程序设计 零基础学编程基础,60.30
正版 Python数据科学导论 概念、技术与应用 python语言编程教程书籍数据科学入,41.50
异步图书 Python贝叶斯分析 从务实和编程的角度讲解贝叶斯统计中的主要概念和应用 概,55.20
预测分析-Python语言实现,53.10
【JG】 Python机器学习实践:测试驱动的开发方法,47.20
【包邮】Python机器学习 预测分析核心算法,58.00
【正版包邮】Python编程快速上手 让繁琐工作自动化 Python语言基础教程学习书,53.60
清华   图解算法——使用Python 9787302509882 清华大学出版社,42.10
清华   图解算法——使用Python 9787302509882 清华大学出版社,42.10
【正版包邮】Python编程 从入门到实践 python3.5绝技核心编程基础教程,67.40
跟老齐学Python：Django实战,44.90
Python趣味编程入门 人工智能 青少年学编程 人工智能热门编程语言 附赠源代码文件,39.20
Python编程基础 Python  大数据  数据分析  高职 计算机 软件技术,39.80
Python数据科学入门 数据分析教程 掌握用Python编程进行数据分析的核心技能,55.20
异步图书 Python贝叶斯分析 从务实和编程的角度讲解贝叶斯统计中的主要概念和应用 概,55.20
【JG】 Python机器学习实践:测试驱动的开发方法,47.20
预测分析-Python语言实现,53.10
跟老齐学Python：Django实战,44.90
Python趣味编程入门 人工智能 青少年学编程 人工智能热门编程语言 附赠源代码文件,39.20
Python编程基础 Python  大数据  数据分析  高职 计算机 软件技术,39.80
Python数据科学入门 数据分析教程 掌握用Python编程进行数据分析的核心技能,55.20
异步图书 Python贝叶斯分析 从务实和编程的角度讲解贝叶斯统计中的主要概念和应用 概,55.20
【JG】 Python机器学习实践:测试驱动的开发方法,47.20
【正版包邮】像计算机科学家一样思考Python 第2版,48.00
零起点Python机器学习快速入门  何海*,46.00
Web接口开发与自动化测试——基于Python语言  虫师著,46.00
【包邮】Python机器学习 预测分析核心算法,58.00
【正版包邮】Python编程快速上手 让繁琐工作自动化 Python语言基础教程学习书,53.60
【正版包邮】Python编程 从入门到实践 python3.5绝技核心编程基础教程,67.40
【正版包邮】像计算机科学家一样思考Python 第2版,48.00
机器人Python极客编程入门与实战/青少年学编程系列丛书,37.17
机器人Python青少年编程开发实例/青少年学编程系列丛书,37.17
Python核心编程 第3版 9787115414779,99.00
预测分析-Python语言实现,53.10
【包邮】Python机器学习 预测分析核心算法,58.00
【正版包邮】Python编程快速上手 让繁琐工作自动化 Python语言基础教程学习书,53.60
【正版包邮】Python编程 从入门到实践 python3.5绝技核心编程基础教程,67.40
【正版包邮】像计算机科学家一样思考Python 第2版,48.00
机器人Python极客编程入门与实战/青少年学编程系列丛书,37.17
11招玩转网络安全——用Python，更安全 hstking 9787121341083,53.80
清华   图解算法——使用Python 9787302509882 清华大学出版社,42.10
机器人Python极客编程入门与实战/青少年学编程系列丛书,37.17
机器人Python青少年编程开发实例/青少年学编程系列丛书,37.17
Python核心编程 第3版 9787115414779,99.00
Python+Spark2.0+Hadoop机器学习与大数据实战,79.20
Python核心编程 第3版 编程从入门到实践 Python核心语言开发指南 自学教程基础书籍 程序,97.00
Python+Spark2.0+Hadoop机器学习与大数据实战,79.20
机器人Python青少年编程开发实例/青少年学编程系列丛书,37.17
Python程序设计 第3版 Python编程从入门到实践 计算机程序设计3.0基础教程 精通核心编,70.00
Keras快速上手：基于Python的深度学习实战,51.40
Python文本分析/数据科学与工程技术丛书,67.20
Python核心编程(第二版)(Python领域经典作品、非常有名的开发指南),57.85
Python核心编程 第3版 编程从入门到实践 Python核心语言开发指南 自学教程基础书籍 程序,97.00
Python程序设计 第3版 Python编程从入门到实践 计算机程序设计3.0基础教程 精通核心编,70.00
Keras快速上手：基于Python的深度学习实战,51.40
Python文本分析/数据科学与工程技术丛书,67.20
Python核心编程 第3版 9787115414779,99.00
Python+Spark2.0+Hadoop机器学习与大数据实战,79.20
利用Python开源工具分析恶意代码/图灵程序设计丛书,84.30
【RT】 Python开发向导(云计算工程师系列),33.10
正版 Python基础教程 第2版 python2爬虫数据分析入门教程python编程教程 自学教程,77.00
Python数据分析从入门到精通 9787121336133 张啸宇  李静,44.90
Python核心编程(第二版)(Python领域经典作品、非常有名的开发指南),57.85
利用Python开源工具分析恶意代码/图灵程序设计丛书,84.30
【RT】 Python开发向导(云计算工程师系列),33.10
Python核心编程 第3版 编程从入门到实践 Python核心语言开发指南 自学教程基础书籍 程序,97.00
Python程序设计 第3版 Python编程从入门到实践 计算机程序设计3.0基础教程 精通核心编,70.00
Keras快速上手：基于Python的深度学习实战,51.40
Python 金融大数据分析 Python编程从入门到实践 核心编程基础教程 网络爬虫入门书籍 py,93.00
正版  Python数据分析入门——从数据获取到可视化 沈祥壮 俊彩图书专营店 计算机与互联网 书籍,47.20
包邮 从零开始学Python网络爬虫 Python网络爬虫开发原理工具书 python网,47.60
正版 Python网络爬虫实例教程（视频讲解版）网络爬虫概述  requests库入门,39.20
正版 Python基础教程 第2版 python2爬虫数据分析入门教程python编程教程 自学教程,77.00
Python数据分析从入门到精通 9787121336133 张啸宇  李静,44.90
Python 金融大数据分析 Python编程从入门到实践 核心编程基础教程 网络爬虫入门书籍 py,93.00
Python文本分析/数据科学与工程技术丛书,67.20
Python核心编程(第二版)(Python领域经典作品、非常有名的开发指南),57.85
利用Python开源工具分析恶意代码/图灵程序设计丛书,84.30
正版 Python编程从入门到精通 计算机与互联网 编程语言与程序设计 零基础学编程基础,60.30
正版 Python数据科学导论 概念、技术与应用 python语言编程教程书籍数据科学入,41.50
正版  Python数据分析入门——从数据获取到可视化 沈祥壮 俊彩图书专营店 计算机与互联网 书籍,47.20
包邮 从零开始学Python网络爬虫 Python网络爬虫开发原理工具书 python网,47.60
正版 Python网络爬虫实例教程（视频讲解版）网络爬虫概述  requests库入门,39.20
正版 Python数据科学导论 概念、技术与应用 python语言编程教程书籍数据科学入,41.50
【RT】 Python开发向导(云计算工程师系列),33.10
正版 Python基础教程 第2版 python2爬虫数据分析入门教程python编程教程 自学教程,77.00
Python数据分析从入门到精通 9787121336133 张啸宇  李静,44.90
Python 金融大数据分析 Python编程从入门到实践 核心编程基础教程 网络爬虫入门书籍 py,93.00
正版  Python数据分析入门——从数据获取到可视化 沈祥壮 俊彩图书专营店 计算机与互联网 书籍,47.20
包邮 从零开始学Python网络爬虫 Python网络爬虫开发原理工具书 python网,47.60
正版 Python网络爬虫实例教程（视频讲解版）网络爬虫概述  requests库入门,39.20
正版 Python数据科学导论 概念、技术与应用 python语言编程教程书籍数据科学入,41.50
清华   图解算法——使用Python 9787302509882 清华大学出版社,42.10
跟老齐学Python：Django实战,44.90
清华   图解算法——使用Python 9787302509882 清华大学出版社,42.10
Python趣味编程入门 人工智能 青少年学编程 人工智能热门编程语言 附赠源代码文件,39.20
Python编程基础 Python  大数据  数据分析  高职 计算机 软件技术,39.80
Python数据科学入门 数据分析教程 掌握用Python编程进行数据分析的核心技能,55.20
异步图书 Python贝叶斯分析 从务实和编程的角度讲解贝叶斯统计中的主要概念和应用 概,55.20
跟老齐学Python：Django实战,44.90
【JG】 Python机器学习实践:测试驱动的开发方法,47.20
预测分析-Python语言实现,53.10
异步图书 Python贝叶斯分析 从务实和编程的角度讲解贝叶斯统计中的主要概念和应用 概,55.20
Python趣味编程入门 人工智能 青少年学编程 人工智能热门编程语言 附赠源代码文件,39.20
Python编程基础 Python  大数据  数据分析  高职 计算机 软件技术,39.80
Python数据科学入门 数据分析教程 掌握用Python编程进行数据分析的核心技能,55.20
异步图书 Python贝叶斯分析 从务实和编程的角度讲解贝叶斯统计中的主要概念和应用 概,55.20
【JG】 Python机器学习实践:测试驱动的开发方法,47.20
【包邮】Python机器学习 预测分析核心算法,58.00
【正版包邮】Python编程快速上手 让繁琐工作自动化 Python语言基础教程学习书,53.60
【正版包邮】Python编程 从入门到实践 python3.5绝技核心编程基础教程,67.40
【正版包邮】像计算机科学家一样思考Python 第2版,48.00
机器人Python极客编程入门与实战/青少年学编程系列丛书,37.17
机器人Python青少年编程开发实例/青少年学编程系列丛书,37.17
预测分析-Python语言实现,53.10
【JG】 Python机器学习实践:测试驱动的开发方法,47.20
【包邮】Python机器学习 预测分析核心算法,58.00
预测分析-Python语言实现,53.10
【包邮】Python机器学习 预测分析核心算法,58.00
【正版包邮】Python编程快速上手 让繁琐工作自动化 Python语言基础教程学习书,53.60
Python核心编程 第3版 9787115414779,99.00
Python+Spark2.0+Hadoop机器学习与大数据实战,79.20
Python核心编程 第3版 编程从入门到实践 Python核心语言开发指南 自学教程基础书籍 程序,97.00
Python程序设计 第3版 Python编程从入门到实践 计算机程序设计3.0基础教程 精通核心编,70.00
Keras快速上手：基于Python的深度学习实战,51.40
【正版包邮】Python编程快速上手 让繁琐工作自动化 Python语言基础教程学习书,53.60
【正版包邮】Python编程 从入门到实践 python3.5绝技核心编程基础教程,67.40
【正版包邮】像计算机科学家一样思考Python 第2版,48.00
机器人Python极客编程入门与实战/青少年学编程系列丛书,37.17
机器人Python青少年编程开发实例/青少年学编程系列丛书,37.17
Python核心编程 第3版 9787115414779,99.00
Python+Spark2.0+Hadoop机器学习与大数据实战,79.20
Python文本分析/数据科学与工程技术丛书,67.20
Python核心编程(第二版)(Python领域经典作品、非常有名的开发指南),57.85
利用Python开源工具分析恶意代码/图灵程序设计丛书,84.30
【RT】 Python开发向导(云计算工程师系列),33.10
【正版包邮】Python编程 从入门到实践 python3.5绝技核心编程基础教程,67.40
【正版包邮】像计算机科学家一样思考Python 第2版,48.00
零起点Python机器学习快速入门  何海*,46.00
Web接口开发与自动化测试——基于Python语言  虫师著,46.00
11招玩转网络安全——用Python，更安全 hstking 9787121341083,53.80
清华   图解算法——使用Python 9787302509882 清华大学出版社,42.10
Python核心编程 第3版 编程从入门到实践 Python核心语言开发指南 自学教程基础书籍 程序,97.00
Python程序设计 第3版 Python编程从入门到实践 计算机程序设计3.0基础教程 精通核心编,70.00
正版 Python基础教程 第2版 python2爬虫数据分析入门教程python编程教程 自学教程,77.00
Python数据分析从入门到精通 9787121336133 张啸宇  李静,44.90
Python 金融大数据分析 Python编程从入门到实践 核心编程基础教程 网络爬虫入门书籍 py,93.00
正版  Python数据分析入门——从数据获取到可视化 沈祥壮 俊彩图书专营店 计算机与互联网 书籍,47.20
包邮 从零开始学Python网络爬虫 Python网络爬虫开发原理工具书 python网,47.60
正版 Python网络爬虫实例教程（视频讲解版）网络爬虫概述  requests库入门,39.20
机器人Python极客编程入门与实战/青少年学编程系列丛书,37.17
机器人Python青少年编程开发实例/青少年学编程系列丛书,37.17
Python核心编程 第3版 9787115414779,99.00
Python+Spark2.0+Hadoop机器学习与大数据实战,79.20
Python核心编程 第3版 编程从入门到实践 Python核心语言开发指南 自学教程基础书籍 程序,97.00
Python程序设计 第3版 Python编程从入门到实践 计算机程序设计3.0基础教程 精通核心编,70.00
Keras快速上手：基于Python的深度学习实战,51.40
Python文本分析/数据科学与工程技术丛书,67.20
Python核心编程(第二版)(Python领域经典作品、非常有名的开发指南),57.85
利用Python开源工具分析恶意代码/图灵程序设计丛书,84.30
【RT】 Python开发向导(云计算工程师系列),33.10
正版 Python基础教程 第2版 python2爬虫数据分析入门教程python编程教程 自学教程,77.00
正版 Python数据科学导论 概念、技术与应用 python语言编程教程书籍数据科学入,41.50
Keras快速上手：基于Python的深度学习实战,51.40
Python文本分析/数据科学与工程技术丛书,67.20
Python核心编程(第二版)(Python领域经典作品、非常有名的开发指南),57.85
利用Python开源工具分析恶意代码/图灵程序设计丛书,84.30
【RT】 Python开发向导(云计算工程师系列),33.10
Python数据分析从入门到精通 9787121336133 张啸宇  李静,44.90
Python 金融大数据分析 Python编程从入门到实践 核心编程基础教程 网络爬虫入门书籍 py,93.00
正版  Python数据分析入门——从数据获取到可视化 沈祥壮 俊彩图书专营店 计算机与互联网 书籍,47.20
正版 Python基础教程 第2版 python2爬虫数据分析入门教程python编程教程 自学教程,77.00
Python数据分析从入门到精通 9787121336133 张啸宇  李静,44.90
Python 金融大数据分析 Python编程从入门到实践 核心编程基础教程 网络爬虫入门书籍 py,93.00
正版  Python数据分析入门——从数据获取到可视化 沈祥壮 俊彩图书专营店 计算机与互联网 书籍,47.20
包邮 从零开始学Python网络爬虫 Python网络爬虫开发原理工具书 python网,47.60
正版 Python网络爬虫实例教程（视频讲解版）网络爬虫概述  requests库入门,39.20
包邮 从零开始学Python网络爬虫 Python网络爬虫开发原理工具书 python网,47.60
正版 Python网络爬虫实例教程（视频讲解版）网络爬虫概述  requests库入门,39.20
正版 Python数据科学导论 概念、技术与应用 python语言编程教程书籍数据科学入,41.50
正版 Python编程从入门到精通 计算机与互联网 编程语言与程序设计 零基础学编程基础,60.30
正版 Python数据科学导论 概念、技术与应用 python语言编程教程书籍数据科学入,41.50
清华   图解算法——使用Python 9787302509882 清华大学出版社,42.10
跟老齐学Python：Django实战,44.90
Python趣味编程入门 人工智能 青少年学编程 人工智能热门编程语言 附赠源代码文件,39.20
Python编程基础 Python  大数据  数据分析  高职 计算机 软件技术,39.80
Python数据科学入门 数据分析教程 掌握用Python编程进行数据分析的核心技能,55.20
异步图书 Python贝叶斯分析 从务实和编程的角度讲解贝叶斯统计中的主要概念和应用 概,55.20
【JG】 Python机器学习实践:测试驱动的开发方法,47.20
预测分析-Python语言实现,53.10
【包邮】Python机器学习 预测分析核心算法,58.00
【正版包邮】Python编程快速上手 让繁琐工作自动化 Python语言基础教程学习书,53.60
【正版包邮】Python编程 从入门到实践 python3.5绝技核心编程基础教程,67.40
【正版包邮】像计算机科学家一样思考Python 第2版,48.00
机器人Python极客编程入门与实战/青少年学编程系列丛书,37.17
机器人Python青少年编程开发实例/青少年学编程系列丛书,37.17
Python核心编程 第3版 9787115414779,99.00
Python+Spark2.0+Hadoop机器学习与大数据实战,79.20
Python核心编程 第3版 编程从入门到实践 Python核心语言开发指南 自学教程基础书籍 程序,97.00
Python程序设计 第3版 Python编程从入门到实践 计算机程序设计3.0基础教程 精通核心编,70.00
Keras快速上手：基于Python的深度学习实战,51.40
Python文本分析/数据科学与工程技术丛书,67.20
Python核心编程(第二版)(Python领域经典作品、非常有名的开发指南),57.85
利用Python开源工具分析恶意代码/图灵程序设计丛书,84.30
【RT】 Python开发向导(云计算工程师系列),33.10
正版 Python基础教程 第2版 python2爬虫数据分析入门教程python编程教程 自学教程,77.00
Python数据分析从入门到精通 9787121336133 张啸宇  李静,44.90
Python 金融大数据分析 Python编程从入门到实践 核心编程基础教程 网络爬虫入门书籍 py,93.00
正版  Python数据分析入门——从数据获取到可视化 沈祥壮 俊彩图书专营店 计算机与互联网 书籍,47.20
包邮 从零开始学Python网络爬虫 Python网络爬虫开发原理工具书 python网,47.60
正版 Python网络爬虫实例教程（视频讲解版）网络爬虫概述  requests库入门,39.20
正版 Python数据科学导论 概念、技术与应用 python语言编程教程书籍数据科学入,41.50
包邮 从零开始学Python程序设计 python初学者指南 网络爬虫 数据采集 基础计,62.60
正版 Python编程从入门到精通 计算机与互联网 编程语言与程序设计 零基础学编程基础,60.30
正版 Python数据科学入门 计算机网络程序设计 数据分析教程 掌握用Python编程y,53.00
正版 Python机器学习 5个数据科学家案例解析 计算机与互联网 编程语言与程序设计,38.50
Python 程序设计基础实战教程 大数据 函数的定义与调用 由浅入深 系统实战 通俗易,35.70
Python+Spark 2.0+Hadoop机器学习与大数据实战 大数据技术教程书籍,72.80
Python机器学习 预测分析核心算法 Python开发程序设计教材 Python语言编程,51.00
包邮 零起点python足彩大数据与机器学习实盘分析 人工智能算法 大数据分析书,73.50
包邮  Python新手使用Django架站的16堂课  Python入门教程书籍 Dj,63.90
正版 数据结构与算法 Python语言实现 计算机与互联网 编程语言与程序设计 教材 研,87.60
正版 Python数据分析：基于Plotly的动态可视化绘图 要介绍Plotly在可视化,61.80
Python从入门到精通+C语言从入门到精通+java从入门到精通(第4版) 全3册 计算机自学书籍,209.40
python高效开发实战 Python语言编程基础教程书籍 核心编程 Python Web,89.00
玩转Django 2.0 Python编程教程书籍 DjangoWeb 开发技术 接口自动 计算机网,69.00
正版 Python语言及其应用 计算机与互联网 语言编程 利用Python语言解决各类实,31.50
正版 Python编程之美：zui佳实践指南 计算机/网络 程序设计 Python深入学,69.20
包邮  Python数据分析基础 python数据分析技术教程书籍 python数据挖掘,50.90
正版 机器人Python青少年编程开发实例 计算机 网络 程序设计 其他 编程语言与程序,47.00
正版 趣学Python 教孩子学编程 全彩印刷 少儿编程入门书 计算机知识 轻松有趣地掌,45.80
正版 语料库与python应用 python编程书籍 编程入门编程语言软件工程计算机语言,45.10
正版 Python数据科学导论 概念、技术与应用 python语言编程教程书籍数据科学入,44.25
正版 深度学习 基于Python语言和TensorFlow平台 视频讲解版 人工智能 学,36.70
青少年学Python,61.60
跟老齐学Python：Django实战,51.10
Python数据分析 开源Python模块数据分析 掌握强大的数据分析技术,42.10
精通Python爬虫框架Scrapy,44.10
树莓派Python编程入门与实战（第2版）,49.30
机器人Python极客编程入门与实战,44.10
异步图书 Python贝叶斯分析 从务实和编程的角度讲解贝叶斯统计中的主要概念和应用 概,51.40
预售 预计8月下旬发货 Python高性能 *2版 机器学习 人工智能 信息检索 数值计,43.10
异步图书 Python贝叶斯分析 从务实和编程的角度讲解贝叶斯统计中的主要概念和应用 概,55.20
预测分析-Python语言实现,53.10
【JG】 Python机器学习实践:测试驱动的开发方法,47.20
【包邮】Python机器学习 预测分析核心算法,58.00
【正版包邮】Python编程快速上手 让繁琐工作自动化 Python语言基础教程学习书,53.60
【正版包邮】Python编程 从入门到实践 python3.5绝技核心编程基础教程,67.40
【正版包邮】像计算机科学家一样思考Python 第2版,48.00
零起点Python机器学习快速入门  何海*,46.00
Web接口开发与自动化测试——基于Python语言  虫师著,46.00
11招玩转网络安全——用Python，更安全 hstking 9787121341083,53.80
清华   图解算法——使用Python 9787302509882 清华大学出版社,42.10
机器人Python极客编程入门与实战/青少年学编程系列丛书,37.17
机器人Python青少年编程开发实例/青少年学编程系列丛书,37.17
Python核心编程 第3版 9787115414779,99.00
Python+Spark2.0+Hadoop机器学习与大数据实战,79.20
Python核心编程 第3版 编程从入门到实践 Python核心语言开发指南 自学教程基础书籍 程序,97.00
Python程序设计 第3版 Python编程从入门到实践 计算机程序设计3.0基础教程 精通核心编,70.00
Keras快速上手：基于Python的深度学习实战,51.40
Python文本分析/数据科学与工程技术丛书,67.20
Python核心编程(第二版)(Python领域经典作品、非常有名的开发指南),57.85
利用Python开源工具分析恶意代码/图灵程序设计丛书,84.30
【RT】 Python开发向导(云计算工程师系列),33.10
正版 Python基础教程 第2版 python2爬虫数据分析入门教程python编程教程 自学教程,77.00
Python数据分析从入门到精通 9787121336133 张啸宇  李静,44.90
Python 金融大数据分析 Python编程从入门到实践 核心编程基础教程 网络爬虫入门书籍 py,93.00
正版  Python数据分析入门——从数据获取到可视化 沈祥壮 俊彩图书专营店 计算机与互联网 书籍,47.20
包邮 从零开始学Python网络爬虫 Python网络爬虫开发原理工具书 python网,47.60
正版 Python网络爬虫实例教程（视频讲解版）网络爬虫概述  requests库入门,39.20
正版 Python编程从入门到精通 计算机与互联网 编程语言与程序设计 零基础学编程基础,60.30
正版 Python数据科学导论 概念、技术与应用 python语言编程教程书籍数据科学入,41.50
清华   图解算法——使用Python 9787302509882 清华大学出版社,42.10
跟老齐学Python：Django实战,44.90
Python趣味编程入门 人工智能 青少年学编程 人工智能热门编程语言 附赠源代码文件,39.20
Python编程基础 Python  大数据  数据分析  高职 计算机 软件技术,39.80
Python数据科学入门 数据分析教程 掌握用Python编程进行数据分析的核心技能,55.20
异步图书 Python贝叶斯分析 从务实和编程的角度讲解贝叶斯统计中的主要概念和应用 概,55.20
【JG】 Python机器学习实践:测试驱动的开发方法,47.20
预测分析-Python语言实现,53.10
清华   图解算法——使用Python 9787302509882 清华大学出版社,42.10
清华   图解算法——使用Python 9787302509882 清华大学出版社,42.10
【包邮】Python机器学习 预测分析核心算法,58.00
【正版包邮】Python编程快速上手 让繁琐工作自动化 Python语言基础教程学习书,53.60
【正版包邮】Python编程 从入门到实践 python3.5绝技核心编程基础教程,67.40
【正版包邮】像计算机科学家一样思考Python 第2版,48.00
跟老齐学Python：Django实战,44.90
Python趣味编程入门 人工智能 青少年学编程 人工智能热门编程语言 附赠源代码文件,39.20
Python编程基础 Python  大数据  数据分析  高职 计算机 软件技术,39.80
Python数据科学入门 数据分析教程 掌握用Python编程进行数据分析的核心技能,55.20
异步图书 Python贝叶斯分析 从务实和编程的角度讲解贝叶斯统计中的主要概念和应用 概,55.20
跟老齐学Python：Django实战,44.90
Python趣味编程入门 人工智能 青少年学编程 人工智能热门编程语言 附赠源代码文件,39.20
Python编程基础 Python  大数据  数据分析  高职 计算机 软件技术,39.80
Python数据科学入门 数据分析教程 掌握用Python编程进行数据分析的核心技能,55.20
机器人Python极客编程入门与实战/青少年学编程系列丛书,37.17
机器人Python青少年编程开发实例/青少年学编程系列丛书,37.17
Python核心编程 第3版 9787115414779,99.00
Python+Spark2.0+Hadoop机器学习与大数据实战,79.20
Python核心编程 第3版 编程从入门到实践 Python核心语言开发指南 自学教程基础书籍 程序,97.00
异步图书 Python贝叶斯分析 从务实和编程的角度讲解贝叶斯统计中的主要概念和应用 概,55.20
【JG】 Python机器学习实践:测试驱动的开发方法,47.20
预测分析-Python语言实现,53.10
异步图书 Python贝叶斯分析 从务实和编程的角度讲解贝叶斯统计中的主要概念和应用 概,55.20
清华   图解算法——使用Python 9787302509882 清华大学出版社,42.10
异步图书 Python贝叶斯分析 从务实和编程的角度讲解贝叶斯统计中的主要概念和应用 概,55.20
【JG】 Python机器学习实践:测试驱动的开发方法,47.20
预测分析-Python语言实现,53.10
【包邮】Python机器学习 预测分析核心算法,58.00
【正版包邮】Python编程快速上手 让繁琐工作自动化 Python语言基础教程学习书,53.60
【正版包邮】Python编程 从入门到实践 python3.5绝技核心编程基础教程,67.40
Python程序设计 第3版 Python编程从入门到实践 计算机程序设计3.0基础教程 精通核心编,70.00
Keras快速上手：基于Python的深度学习实战,51.40
Python文本分析/数据科学与工程技术丛书,67.20
Python核心编程(第二版)(Python领域经典作品、非常有名的开发指南),57.85
预测分析-Python语言实现,53.10
【JG】 Python机器学习实践:测试驱动的开发方法,47.20
【包邮】Python机器学习 预测分析核心算法,58.00
【正版包邮】Python编程快速上手 让繁琐工作自动化 Python语言基础教程学习书,53.60
【正版包邮】Python编程 从入门到实践 python3.5绝技核心编程基础教程,67.40
【正版包邮】像计算机科学家一样思考Python 第2版,48.00
【包邮】Python机器学习 预测分析核心算法,58.00
【正版包邮】Python编程快速上手 让繁琐工作自动化 Python语言基础教程学习书,53.60
【正版包邮】Python编程 从入门到实践 python3.5绝技核心编程基础教程,67.40
预测分析-Python语言实现,53.10
【JG】 Python机器学习实践:测试驱动的开发方法,47.20
【包邮】Python机器学习 预测分析核心算法,58.00
【正版包邮】Python编程快速上手 让繁琐工作自动化 Python语言基础教程学习书,53.60
【正版包邮】Python编程 从入门到实践 python3.5绝技核心编程基础教程,67.40
【正版包邮】像计算机科学家一样思考Python 第2版,48.00
零起点Python机器学习快速入门  何海*,46.00
跟老齐学Python：Django实战,44.90
Python趣味编程入门 人工智能 青少年学编程 人工智能热门编程语言 附赠源代码文件,39.20
Python编程基础 Python  大数据  数据分析  高职 计算机 软件技术,39.80
Python数据科学入门 数据分析教程 掌握用Python编程进行数据分析的核心技能,55.20
异步图书 Python贝叶斯分析 从务实和编程的角度讲解贝叶斯统计中的主要概念和应用 概,55.20
【JG】 Python机器学习实践:测试驱动的开发方法,47.20
预测分析-Python语言实现,53.10
【正版包邮】像计算机科学家一样思考Python 第2版,48.00
机器人Python极客编程入门与实战/青少年学编程系列丛书,37.17
机器人Python青少年编程开发实例/青少年学编程系列丛书,37.17
Python核心编程 第3版 9787115414779,99.00
Python+Spark2.0+Hadoop机器学习与大数据实战,79.20
Python核心编程 第3版 编程从入门到实践 Python核心语言开发指南 自学教程基础书籍 程序,97.00
Python程序设计 第3版 Python编程从入门到实践 计算机程序设计3.0基础教程 精通核心编,70.00
利用Python开源工具分析恶意代码/图灵程序设计丛书,84.30
零起点Python机器学习快速入门  何海*,46.00
Web接口开发与自动化测试——基于Python语言  虫师著,46.00
11招玩转网络安全——用Python，更安全 hstking 9787121341083,53.80
清华   图解算法——使用Python 9787302509882 清华大学出版社,42.10
机器人Python极客编程入门与实战/青少年学编程系列丛书,37.17
机器人Python青少年编程开发实例/青少年学编程系列丛书,37.17
【正版包邮】像计算机科学家一样思考Python 第2版,48.00
机器人Python极客编程入门与实战/青少年学编程系列丛书,37.17
机器人Python青少年编程开发实例/青少年学编程系列丛书,37.17
Python核心编程 第3版 9787115414779,99.00
Python+Spark2.0+Hadoop机器学习与大数据实战,79.20
Python核心编程 第3版 编程从入门到实践 Python核心语言开发指南 自学教程基础书籍 程序,97.00
Python程序设计 第3版 Python编程从入门到实践 计算机程序设计3.0基础教程 精通核心编,70.00
Web接口开发与自动化测试——基于Python语言  虫师著,46.00
11招玩转网络安全——用Python，更安全 hstking 9787121341083,53.80
【包邮】Python机器学习 预测分析核心算法,58.00
【正版包邮】Python编程快速上手 让繁琐工作自动化 Python语言基础教程学习书,53.60
【正版包邮】Python编程 从入门到实践 python3.5绝技核心编程基础教程,67.40
【正版包邮】像计算机科学家一样思考Python 第2版,48.00
机器人Python极客编程入门与实战/青少年学编程系列丛书,37.17
Keras快速上手：基于Python的深度学习实战,51.40
Python文本分析/数据科学与工程技术丛书,67.20
Python核心编程(第二版)(Python领域经典作品、非常有名的开发指南),57.85
【RT】 Python开发向导(云计算工程师系列),33.10
Python核心编程 第3版 9787115414779,99.00
Python+Spark2.0+Hadoop机器学习与大数据实战,79.20
Python核心编程 第3版 编程从入门到实践 Python核心语言开发指南 自学教程基础书籍 程序,97.00
Python程序设计 第3版 Python编程从入门到实践 计算机程序设计3.0基础教程 精通核心编,70.00
Keras快速上手：基于Python的深度学习实战,51.40
Python文本分析/数据科学与工程技术丛书,67.20
Python核心编程(第二版)(Python领域经典作品、非常有名的开发指南),57.85
利用Python开源工具分析恶意代码/图灵程序设计丛书,84.30
【RT】 Python开发向导(云计算工程师系列),33.10
正版 Python基础教程 第2版 python2爬虫数据分析入门教程python编程教程 自学教程,77.00
清华   图解算法——使用Python 9787302509882 清华大学出版社,42.10
机器人Python极客编程入门与实战/青少年学编程系列丛书,37.17
机器人Python青少年编程开发实例/青少年学编程系列丛书,37.17
Python核心编程 第3版 9787115414779,99.00
Python+Spark2.0+Hadoop机器学习与大数据实战,79.20
Python核心编程 第3版 编程从入门到实践 Python核心语言开发指南 自学教程基础书籍 程序,97.00
机器人Python青少年编程开发实例/青少年学编程系列丛书,37.17
Python核心编程 第3版 9787115414779,99.00
Python+Spark2.0+Hadoop机器学习与大数据实战,79.20
Python核心编程 第3版 编程从入门到实践 Python核心语言开发指南 自学教程基础书籍 程序,97.00
利用Python开源工具分析恶意代码/图灵程序设计丛书,84.30
【RT】 Python开发向导(云计算工程师系列),33.10
正版 Python基础教程 第2版 python2爬虫数据分析入门教程python编程教程 自学教程,77.00
Python数据分析从入门到精通 9787121336133 张啸宇  李静,44.90
Python 金融大数据分析 Python编程从入门到实践 核心编程基础教程 网络爬虫入门书籍 py,93.00
正版  Python数据分析入门——从数据获取到可视化 沈祥壮 俊彩图书专营店 计算机与互联网 书籍,47.20
包邮 从零开始学Python网络爬虫 Python网络爬虫开发原理工具书 python网,47.60
正版 Python基础教程 第2版 python2爬虫数据分析入门教程python编程教程 自学教程,77.00
Python数据分析从入门到精通 9787121336133 张啸宇  李静,44.90
Python 金融大数据分析 Python编程从入门到实践 核心编程基础教程 网络爬虫入门书籍 py,93.00
正版  Python数据分析入门——从数据获取到可视化 沈祥壮 俊彩图书专营店 计算机与互联网 书籍,47.20
包邮 从零开始学Python网络爬虫 Python网络爬虫开发原理工具书 python网,47.60
正版 Python网络爬虫实例教程（视频讲解版）网络爬虫概述  requests库入门,39.20
Keras快速上手：基于Python的深度学习实战,51.40
Python数据分析从入门到精通 9787121336133 张啸宇  李静,44.90
Python 金融大数据分析 Python编程从入门到实践 核心编程基础教程 网络爬虫入门书籍 py,93.00
正版  Python数据分析入门——从数据获取到可视化 沈祥壮 俊彩图书专营店 计算机与互联网 书籍,47.20
包邮 从零开始学Python网络爬虫 Python网络爬虫开发原理工具书 python网,47.60
Python程序设计 第3版 Python编程从入门到实践 计算机程序设计3.0基础教程 精通核心编,70.00
Keras快速上手：基于Python的深度学习实战,51.40
Python文本分析/数据科学与工程技术丛书,67.20
Python核心编程(第二版)(Python领域经典作品、非常有名的开发指南),57.85
Python程序设计 第3版 Python编程从入门到实践 计算机程序设计3.0基础教程 精通核心编,70.00
Keras快速上手：基于Python的深度学习实战,51.40
正版 Python网络爬虫实例教程（视频讲解版）网络爬虫概述  requests库入门,39.20
正版 Python数据科学导论 概念、技术与应用 python语言编程教程书籍数据科学入,41.50
正版 Python数据科学导论 概念、技术与应用 python语言编程教程书籍数据科学入,41.50
Python文本分析/数据科学与工程技术丛书,67.20
Python核心编程(第二版)(Python领域经典作品、非常有名的开发指南),57.85
利用Python开源工具分析恶意代码/图灵程序设计丛书,84.30
【RT】 Python开发向导(云计算工程师系列),33.10
正版 Python基础教程 第2版 python2爬虫数据分析入门教程python编程教程 自学教程,77.00
Python数据分析从入门到精通 9787121336133 张啸宇  李静,44.90
Python 金融大数据分析 Python编程从入门到实践 核心编程基础教程 网络爬虫入门书籍 py,93.00
正版  Python数据分析入门——从数据获取到可视化 沈祥壮 俊彩图书专营店 计算机与互联网 书籍,47.20
包邮 从零开始学Python网络爬虫 Python网络爬虫开发原理工具书 python网,47.60
正版 Python网络爬虫实例教程（视频讲解版）网络爬虫概述  requests库入门,39.20
正版 Python数据科学导论 概念、技术与应用 python语言编程教程书籍数据科学入,41.50
利用Python开源工具分析恶意代码/图灵程序设计丛书,84.30
【RT】 Python开发向导(云计算工程师系列),33.10
正版 Python基础教程 第2版 python2爬虫数据分析入门教程python编程教程 自学教程,77.00
Python数据分析从入门到精通 9787121336133 张啸宇  李静,44.90
Python 金融大数据分析 Python编程从入门到实践 核心编程基础教程 网络爬虫入门书籍 py,93.00
Python文本分析/数据科学与工程技术丛书,67.20
Python核心编程(第二版)(Python领域经典作品、非常有名的开发指南),57.85
利用Python开源工具分析恶意代码/图灵程序设计丛书,84.30
【RT】 Python开发向导(云计算工程师系列),33.10
正版 Python基础教程 第2版 python2爬虫数据分析入门教程python编程教程 自学教程,77.00
Python数据分析从入门到精通 9787121336133 张啸宇  李静,44.90
Python 金融大数据分析 Python编程从入门到实践 核心编程基础教程 网络爬虫入门书籍 py,93.00
正版 Python网络爬虫实例教程（视频讲解版）网络爬虫概述  requests库入门,39.20
正版 Python编程从入门到精通 计算机与互联网 编程语言与程序设计 零基础学编程基础,60.30
正版 Python数据科学导论 概念、技术与应用 python语言编程教程书籍数据科学入,41.50
正版  Python数据分析入门——从数据获取到可视化 沈祥壮 俊彩图书专营店 计算机与互联网 书籍,47.20
包邮 从零开始学Python网络爬虫 Python网络爬虫开发原理工具书 python网,47.60
正版 Python网络爬虫实例教程（视频讲解版）网络爬虫概述  requests库入门,39.20
正版 Python编程从入门到精通 计算机与互联网 编程语言与程序设计 零基础学编程基础,60.30
正版 Python数据科学导论 概念、技术与应用 python语言编程教程书籍数据科学入,41.50
正版  Python数据分析入门——从数据获取到可视化 沈祥壮 俊彩图书专营店 计算机与互联网 书籍,47.20
包邮 从零开始学Python网络爬虫 Python网络爬虫开发原理工具书 python网,47.60
正版 Python网络爬虫实例教程（视频讲解版）网络爬虫概述  requests库入门,39.20
正版 Python数据科学导论 概念、技术与应用 python语言编程教程书籍数据科学入,41.50
程序员入门 全9册 Java+C语言+Python程序员入门 基础教程程序设计教材计算机,492.00
包邮 Python测试之道  基于Python3.6的测试开发实践总结,44.60
正版文Keras快速上手:基于Python的深度学习实战9787121318726谢梁,47.40
包邮 玩转Django 2.0+玩转Python网络爬虫书籍 黄永祥2本,97.50
包邮 虫术 Python绝技+Python 3爬虫、数据清洗与可视化实战书籍 2本,108.80
包邮 Python核心编程（第3版）Python基础教程学习书 Python开发人员的案头常备书,71.80
深度实践OpenStack：基于Python的OpenStack组件开发,67.00
跟老齐学Python：数据分析,67.00
教孩子学编程Python语言版,58.00
Python数据分析入门——从数据获取到可视化,47.00
Python机器学习 5个数据科学家案例解析,40.00
包邮 零基础学编程 树莓派和Python+Python树莓派编程书籍 Python语言编程媒体服务器,71.60
包邮 数据结构 Python语言描述 python编程Python程序设计数据结构基础编程语法算法书,51.80
包邮 玩转Python网络爬虫  基于Python 3从零基础到项目实战书籍,50.80
包邮 Python程序设计第一课 赵军 Python语言编程入门教程书籍,39.80
包邮 量化投资与Python语言 Python进行数据分析投资策略测试实盘交易 大数据 云计算,26.60
包邮 Python机器学习算法 Python语言编程教程书籍 python数据分析书籍,49.60
包邮 零起点Python机器学习快速入门  python语言编程书籍 python机器学习入门教程,42.80
包邮 Python数据科学入门 python数据挖掘技术教程书籍,36.60
Python语言程序设计 中文版 梁勇 机械工业Introduction to Programmin,71.00
Python游戏编程快速上手 第4版 python游戏编程入门教程书籍 python游戏开发初学者指,60.00
正版新书 笨办法学Python 3 Python编程教程 python核心手册 Python入门 P,50.00
Python项目开发实战(第2版)/图灵程序设计丛书,72.60
Python数据科学入门/达人迷,58.70
精通Python网络爬虫(核心技术框架与项目实战),55.20
数据科学实战手册(R+Python),54.20
Python设计模式(第2版),33.20
正版 PYTHON从菜鸟到高手 李宁 清华 9787302507161,110.10
Python物理学高效计算  [美]安东尼·斯科普斯(Anthony Scopatz) 凯,77.20
Python核心编程 第3版  [美]卫斯理 春(Wesley Chun),62.40
编程教程软件 Python编程从入门到实践python3.0绝技核心编程基础教程网络爬虫,70.31
Python趣味编程入门 人工智能 青少年学编程 人工智能热门编程语言 附赠源代码文件,39.20
跟老齐学Python：Django实战,44.90
全新正版！Python程序员面试算法宝典 python程序员面试技巧求职宝典应聘技巧书籍 程序员面试,53.50
跟老齐学Python：Django实战 9787121325724,45.00
全新正版！从零开始学python数据分析 视频教学版 Python数据分析入门书籍 数据图表绘制,56.00
2K 9787121328114 Python全栈开发实践入门 谢瑛俊 电子工业出版社,52.40
2K 9787111559603 机器人系统设计与制作：Python语言实现   [印度],46.00
电子工业   虫术——Python绝技 9787121344565 电子工业出版社,87.10
电子工业   零起点Python大数据与量化交易 9787121306594 电子工业出版,87.10
清华  Python网络爬虫实战(版) 9787302510086 清华大学出版社,67.90
电子工业   自动化平台测试开发：Python测试开发实战 9787121342905 电,60.70
电子工业   Python机器学习算法 9787121313196 电子工业出版社,60.70
电子工业   21天学通Python(版) 9787121333491 电子工业出版社,52.60
Python编程基础 Python  大数据  数据分析  高职 计算机 软件技术,39.80
Python数据科学入门 数据分析教程 掌握用Python编程进行数据分析的核心技能,55.20
异步图书 Python贝叶斯分析 从务实和编程的角度讲解贝叶斯统计中的主要概念和应用 概,55.20
预测分析-Python语言实现,53.10
【JG】 Python机器学习实践:测试驱动的开发方法,47.20
【包邮】Python机器学习 预测分析核心算法,58.00
【正版包邮】Python编程快速上手 让繁琐工作自动化 Python语言基础教程学习书,53.60
【正版包邮】Python编程 从入门到实践 python3.5绝技核心编程基础教程,67.40
【正版包邮】像计算机科学家一样思考Python 第2版,48.00
零起点Python机器学习快速入门  何海*,46.00
Web接口开发与自动化测试——基于Python语言  虫师著,46.00
11招玩转网络安全——用Python，更安全 hstking 9787121341083,53.80
清华   图解算法——使用Python 9787302509882 清华大学出版社,42.10
机器人Python极客编程入门与实战/青少年学编程系列丛书,37.17
机器人Python青少年编程开发实例/青少年学编程系列丛书,37.17
Python核心编程 第3版 9787115414779,99.00
零起点Python大数据与量化交易 大数据分析量化投资策略书籍 实盘交易手册 Python,99.00
【正版包邮】PaddlePaddle深度学习实战 /Python库/AI人工智能编程开发/线性代数微,53.20
【正版包邮】Python机器学习算法 赵志勇 python基础教程核心编程程序设计机器学习手册,53.20
Python社会媒体挖掘Python数据科学 数据挖掘 网络数据分析教程书籍 获取 存储 分析和可视,47.80
Python编程从入门到实践+学习编程第一步 零基础上手Python开发 全2册 pyhton从入门,118.00
Python全栈开发实践入门 python全栈开发教程书籍 python全栈开发工程师前端,69.00
正版 跟老齐学Python:数据分析 法律 经济法 税法 跟老齐学Python 数据分析,61.80
包邮 Python极客项目编程 iTunes播放列表文件剖析 代码 命令行选项 海龟画图,50.90
包邮 中学生可以这样学Python 计算机网络 程序设计 中小学教辅 中小学阅读 课外阅,33.30
正版 Python测试驱动开发 第2版 Django Selenium和JavaScri,89.10
包邮 Python数据科学手册 错误和调试 探索花哨的索引 处理缺失值 记录数组 计算机,81.90
正版 Python数据分析从入门到精通 计算机 网络 程序设计 其他 编程语言与程序设计,54.40
正版 Flask Web开发 基于Python的Web应用开发实战 第2版 基于Pyth,53.00
正版 21天学通Python 第2版 计算机 网络 程序设计 其他 编程语言与程序设计,47.60
正版 Python程序设计第壹课 计算机与互联网 编程语言与程序设计 计算机 网络 程序,37.90
正版 Python基础教程 2版 计算机与互联网 编程语言与程序设计 编程的入门语言 安,36.70
自动化平台测试开发：Python测试开发实战,55.20
人民邮电:Python爬虫开发 从入门到实战（微课版）,34.00
Python数字信号处理应用 Python在DSP中应用教程书籍Python语言,33.60
Python机器学习 预测分析核心算法 人工智能深度学习参考书,49.30
Python程序设计 第3版,49.30
零基础入门学习Python 3.0小甲鱼程序设计核心编程学习手册,38.10
包邮 R用户Python学习指南：数据科学方法|8053722,48.30
预售 预计9月上旬发货 Flask Web开发 基于Python的Web应用开发实战 *,50.40
Python物理学高效计算 Python编程教程 Python物理建模程序设计书籍 数据,73.80
跟老齐学Python：Django实战+Python新手使用Django架站的16堂课2本,120.00
Python+Spark 2.0+Hadoop机器学习与大数据实战,76.50
Python贝叶斯分析 计算机与互联网 编程语言与程序设计 应用教学 人民邮电出版社,55.00
Python深度学习 Python人工智能入门教程 Python基础教程  机器学习书籍,48.90
自学Python 编程基础、科学计算及数据分析 Python即学即用,39.00
MicroPython入门指南  邵子扬,46.00
FLASKVEB开发：基于PYTHONR的WEB应用开发实战（第2版）,55.20
现货 机器人Python极客编程入门与实战 Python极客团队 python极客机器人编程书籍,53.00
【官方正版】 中学生可以这样学Python 青少年编程 小学生编程 儿童编程 编程自学 从,31.00
Python爬虫开发与项目实战,62.41
Python编程导论(第2版),54.51
OpenCV 3计算机视觉 Python语言实现（原书第2版）计算机教材教程书籍 人脸检测与识别 图,43.00
正版现货 Python新手使用Django架站的16堂课 Python入门教程书籍 Dj,71.20
包邮 Python科学计算(附光盘第2版)网站开发系统管理应用程序 Python数据库创建工具 程序,88.00
Python密码学编程 初学者指南  信息安全加密算法软件开发计算机源代码 计算机,67.62
Python编程入门 全3册 Python编程从入门到实践 零基础入门学习Python P,198.70
正版现货！2K你也能看得懂的Python算法书9787121352553 电子工业出版社作者王硕 等,44.30
Python数字信号处理应用,38.30
正版 零基础学编程 树莓派和Python 计算机原理 python编程教程 树莓派入门教,39.60
正版 Python机器学习 5个数据科学家案例解析+机器学习 计算机与互联网 编程语言与程序设计,105.60
Python 3程序开发指南(第2版 修订版),44.90
全新正版！区域包邮！Python自然语言处理 自然语言处理学习入门书籍 机械工业出版社,63.40
区域包邮JG 软件架构 Python语言实现 Python软件架构框架开发设计教程书籍,69.20
包邮 Python设计模式 第2版 计算机网络 程序设计 工厂方法模式 上下文—设计模式,29.90
正版 Python算法教程+数据结构 Python语言描述 语言编程入门 利用Pytho,106.30
Python数据分析实战 计算机 网络 程序设计 数据分析 数据可视化 机器学习,57.82
正版LPython 3爬虫、数据清洗与可视化实战 零一、韩要宾、黄园园 电子工业出版社 9,38.20
Selenium自动化测试 基于Python语言,39.80
Python编程(第四版) 9787512355309,198.00
正版现货 2K 9787111539896 Python即学即用 张燕妮 机械工业出版社,39.00
正版现货2K 9787111544340 数据科学导论：Python语言实现 (意)阿尔贝托·博斯,38.20
电子工业   Python编程之美：佳实践指南 9787121347573 电子工业出版社,78.30
106 Python 3 0科学计算指南 9787115481146 人民邮电出版社,55.20
正版 Python与量化投资-从基础到实战 Python量化投资策略分析技术工具书籍 金,76.50
包邮 零起点python足彩大数据与机器学习实盘分析人工智能算法大数据分析 Python,73.50
包邮 Python爬虫开发与项目实战 Python编程入门教程书籍数据采集教程 爬虫框架,60.80
全新正版！Python数据科学导论概念技术与应用 python语言编程教程书籍 机械工业出版社,44.20
Python机器学习入门(影印版) 9787564169060,58.00
Python与机器学习实战：决策树、集成学习、支持向量机与神经网络算法详解及编程实现 97,50.00
全新正版 现货 深度学习算法实践（基于Theano和TensorFlow）闫涛周琦 Python,90.30
包邮 流畅的Python  python编程教程书籍 python代码大全 python,110.50
正版 笨办法 学Python 3+用Python写网络爬虫 第2版 基础编程 自学教材书,71.70
正版 Python数据分析(第2版) python数据分析从入门到精通 新手学用Pyth,56.50
正版 Python程序员面试算法宝典 计算机 网络 设计应用 程序设计 Python 面,52.10
正版包邮 Python黑帽子 黑客与渗透测试编程之道 Python编程 Python编程,38.90
正版 玩转Python网络爬虫 黄永祥 网络程序设计Python网络爬虫数据分析采集Py,58.30
正版 Python社会媒体挖掘 马尔科 邦扎尼尼 python数据科学入门教程书平台交互,55.50
清华  深入浅出Python机器学习 9787302503231 清华大学出版社,59.30
电子工业   深度学习：基于Keras的Python实践 9787121341472 电子,51.90
清华  Python程序设计课 9787302509905 清华大学出版社,42.10
Python Cookbook(第3版)中文版,70.20
正版 Python数据分析(第2版) python数据分析从入门到精通 新手学用Pyth,56.50
正版 Python自然语言处理实战 核心技术与算法 计算机算法 表达式在NLP的基本应用,55.10
正版 Python数据分析从入门到精通 计算机 网络 程序设计 其他 编程语言与程序设计,54.40
包邮 Python程序设计与算法基础教程（21世纪高等学校计算机专业实用规划教材）Pyt,45.00
电子工业   MicroPython入门指南 9787121328466 电子工业出版社,51.90
电子工业   Python云原生：构建应对海量用户数据的高可扩展Web应用 9787121,78.30
电子工业   Python与机器学习实战：决策树、集成学习、支持向量机与神经网络算法详解及,60.70
电子工业   Python程序设计基础 9787121302923 电子工业出版社,30.80
Python社会媒体挖掘 数据科学数据挖掘网络数据分析教程书籍,69.00
零基础入门学习Python,41.60
Python高性能编程 python 编程,58.80
Python编程入门(第3版),27.90
零基础学Python（图文版）,49.30
包邮 Python计算与编程实践：多媒体方法(原书第2版)|3661972,48.30
包邮 Python自然语言处理实战 核心技术与算法+文本上的算法 2本 神经网络机器学习书籍,102.90
正版 深入浅出Python机器学习 段小手AI人工智能机器学习参考书籍有监督无监督学习模,58.30
Python自然语言处理实战：核心技术与算法,44.90
Python社会媒体挖掘 数据科学数据挖掘网络数据分析教程书籍,55.20
【JG】 Python数据可视化,54.50
【正版】精通Python网络爬虫：核心技术、框架与项目实战 python数据挖掘与分析参考书籍,69.00
包邮 精通Python自然语言处理   python自然语言编程指南 python程序设,45.00
正版 Python程序设计基础与应用  计算机专业本 专科程序设计基础课程教材 以及Py,35.50
【JG】 Python数据分析实战,62.40
Python高级编程（第2版）计算机编程语言 人民邮电出版,77.40
Python金融实战  计算机编程语言与设计 编程指南 人民邮电出版社,68.70
正版 Python自然语言处理实战 核心技术与算法核心技术与算法自然语言处理教程书籍神经,52.00
正版 Python程序设计第#课 赵军Python语言编程基础入门教程书籍Python语,40.20
【正版】利用python进行数据分析 python数据分析教程  大数据 统计分析 应用软件 数据聚,89.00
包邮 Python网络编程(Linux)  赵宏 Python语言编程入门教程书籍,31.60
全3册 Python编程从零基础到项目实战+C语言从入门到精通+Java从入门到精通 P,259.40
【HW】 Python 3 数据分析与机器学习实战,54.50
【机工社】 Python数据科学导论：概念、技术与应用,47.80
【JG】 Python网络爬虫从入门到实践,40.20
【正版】“笨办法”学Python（第3版）,46.90
"【正版】1764628|Python爬虫开发与项目实战Python,爬虫,Python编程,爬虫技术",79.00
【正版包邮】Python数据分析与挖掘实战 Python核心编程 Python语言开发入门教程,55.10
编程超有趣 奇妙Python轻松学 第1辑 计算机与互联网 编程语言与程序设计 含视频教学,55.20
Python高性能 第2版 计算机与互联网 编程语言与程序设计 进阶版书籍 涵盖针对数值计算和科学代,47.20
【R】Python设计模式 *2版 程序设计 python,32.35
包邮 Web接口开发与自动化测试 基于Python语言+全栈性能测试修炼宝典:JMeter实战,102.80
Python即学即用 9787111539896 机械工业出版社 张燕妮,40.00
包邮 机器人Python青少年编程开发实例+MicroPython入门指南 2本 青少年儿童编程书籍,88.80
Python 3爬虫 数据清洗与可视化实战+Python3网络爬虫开发实战 2本,105.60
包邮预售 Python 3.6零基础入门+Python3.6编程实践指南 计算机科学入门 原书第3版,95.50
Python高性能 2版 机器学习人工智能 信息检索 数值计算可视化Python开发人员进阶书,41.30
异步图书 Python贝叶斯分析,53.90
包邮 深入浅出数据科学+Python机器学习 5个数据科学家案例解析 共2册Python编程技术教程,86.80
【正版】Python数据分析基础 零编程经验也可学会用Python语言进行数据分析,69.00
Python自然语言处理,76.00
Python编程从零基础到项目实战(微课视频版),64.00
Python贝叶斯分析,45.00
程序员学Python,71.00
Python数据处理 全面掌握用Python进行爬虫抓取以及数据清洗与分析的,62.37
正版 Python语言在Abaqus中的应用 曹金凤 等编著 脚本接口快速建模访问输出数据库外部数据,39.00
Python编程快速上手让繁琐工作自动化+Python核心编程 第3版 全2册,139.10
Python参考手册 第4版 修订版,57.90
Python核心编程(第3版)&Python编程(从入门到实践) 共2册,147.78
教孩子学编程(Python语言版全彩印刷),54.20
正版现货 Python基础教程(第3版),72.30
正版现货 图解数据结构--使用Python,58.50
正版现货 Python数据分析从入门到精通,51.10
"Python编程 正版图书 (美)卢茨(Mark Lutz) 著;耿邹晓,瞿乔,任发科 等",159.39
包邮 从零开始学python数据分析 视频教学版 Python数据分析入门书籍 数据图表绘制,52.60
Python极客项目编程,48.30
Python机器学习实践:测试驱动的开发方法 Python程序设计 人工智能机器学习,46.00
Python程序设计基础与应用,45.10
毫无障碍学Python(附光盘),48.70
Python数据处理/图灵程序设计丛书,84.30
"Python统计分析 建模 数据分析 讲述统计数据分析与应用 Springer""统计和计",63.20
Python 程序员面试算法宝典 IT企业面试笔试算法 高频题目详解分析 计算机相关专业毕业生面试笔,68.00
自学Python 编程基础、科学计算及数据分析,63.00
Python绝技：运用Python成为数据工程师,63.00
从零开始学Python数据分析与挖掘,63.00
Python机器学习经典实例,58.00
Python Qt GUI快速编程:PyQt编程指南 计算机网络 python语言编程入门,79.00
2本套 python编程从入门到精通 核心编程第二/三版 编程从入门到实践 Python语言开发指南,175.00
正版现货 Python贝叶斯分析,50.40
正版现货  从零开始学Python网络爬虫,43.66
机器人Python青少年编程开发实例,43.66
正版现货  Python物理建模初学者指南,43.07
包邮 零基础入门学习Python 小甲鱼 pyhton3.0从入门到精通python语言程序设计书籍,34.70
Python网络编程(Linux),27.30
包邮 玩转Django 2.0 黄永祥+Python新手使用Django架站的16堂课书籍 2本,114.60
正版创物联网Python开发实战 9787121337512 电子工业出版社,41.40
跟老齐学Python数据分析,49.77
Python数据科学手册/图灵程序设计丛书,92.80
Python数据挖掘入门与实践,50.00
Python科学计算基础教程,49.00
像计算机科学家一样思考Python第2版,49.00
Python计算机视觉编程;计算机类-软件开发(Jan Eri,53.82
Python机器学习 预测分析核心算法 预测算法数据分析,53.82
包邮 Python开发实战:Django、Tornado、Flask、Twisted,69.90
包邮 Python金融实战 金融数据分析教程书籍 数据计算器编程教程 应用 机器学习算法,58.80
数据结构与算法 Python语言实现 python编程入门基础教程指南 计算机程序设计实践图书籍 基,103.00
正版用Python写网络爬虫第2版网络爬虫开发实战教程书籍基础教学入门Python3深入理解计算机系,51.00
Python Cookbook（第3版）中文版,92.00
Python语言及其应用,68.00
青少年学Python Python中小学编程入门自学书籍编程真好玩趣学Python,58.20
包邮 PyQt5快速开发与实战+Python Qt GUI快速编程 PyQt编程指南 2本,125.60
包邮 编程超有趣 奇妙Python轻松学 第1辑+Python趣味编程入门书籍 2本,85.60
Python基础教程(第3版),98.00
Python高性能编程,63.00
零基础学编程：树莓派和Python,42.00
Python趣味编程入门,39.00
Python程序设计课,39.00
正版 Python与量化投资-从基础到实战 Python量化投资策略分析技术工具书籍 金,76.50
正版 达人迷 Python趣味编程10例 Python入门到实践 青少年编程书籍 STE,71.90
包邮 Python Linux系统管理与自动化运维 Python Linux操作系统编程,67.90
Python神经网络编程 入门教程书籍  网络编程 神经网络 入门图书 人工智能,53.00
包邮 Python程序设计开发宝典 Python程序设计 Python语言编程 文本排版,50.90
笨办法学python3编程从入门到实践 python基础教程核心编程从入门到精通 笨方法学pytho,52.00
【RT】 Python漫游指南,58.10
Python 金融大数据分析 python入门基础教程 金融分析处理与开发书籍 数学推断统计学 金融,96.00
Python与有限元,56.00
Python编程快速上手 让繁琐工作自动化,41.40
正版 Python深度学习 Python人工智能入门教程 用Python快速学习深度神经,45.80
全2册 python基础教程 Python编程从零基础到项目实战+基于Python的大,149.60
自动化平台测试开发：Python测试开发实战,55.00
预售 包邮 疯狂Python讲义+Python编程 从入门到实践 零基础学python3.5编程书籍,154.30
Python 程序设计基础实战教程 大数据 函数的定义与调用 由浅入深 系统实战 通俗易,35.70
深入浅出深度学习(原理剖析与Python实践),68.10
Python密码学编程,63.40
包邮 Python项目开发实战,58.80
Python编程(第四版),142.00
Python贝叶斯分析 释放贝叶斯框架的灵活性与力量,49.30
包邮 Django 2.0 入门与实践+玩转Django 2.0书籍 Python编程教程书籍 3本,173.60
C语言程序设计从入门到精通c语言经典零基础自学编程 计算机数据结构算法python javascri,61.00
Python编程快速上手 让繁琐工作自动化 Python从入门到精通 Python编程书籍 计算机程,58.00
Python编程入门 第3版 Python语言核心编程教程书籍python学习手册 Python基础,40.00
包邮  趣学Python——教孩子学编程,45.80
包邮 图解算法 使用Python书籍 简单有趣的算法入门书吴灿铭,36.60
包邮 Python 深度学习实战+深度学习 基于Keras的Python实践+深入浅出深度学习,156.80
包邮  Python数据处理,73.80
包邮 量化投资 以Python为工具 Python语言处理数据Python金融 金融投诉管理书,64.80
包邮 【扫码看视频】Java程序设计第一课+Python程序设计第一课 赵军 2本 同步视频教学,72.60
包邮 Python网络爬虫实战 第2版+Python 3网络爬虫开发实战书籍 2本,131.60
包邮 Selenium 2自动化测试实战 基于Python语言   虫师 se2.0自动化测试教程书,43.30
包邮 精通Scrapy网络爬虫 Python流行框架Scrapy核心技术 网络爬虫的开发技巧书籍,44.50
量化投资：以Python为工具 计算机与互联网 书籍,98.00
零起点Python大数据与量化交易 计算机与互联网 书籍,81.20
Python云原生：构建应对海量用户数据的高可扩展Web应用 计算机与互联网 书籍,67.60
机器人Python青少年编程开发实例  史向东,46.00
21天学通Python 计算机与互联网 书籍,41.90
语料库与Python应用 计算机与互联网 书籍,37.70
Selenium自动化测试：基于Python语言 计算机与互联网 书籍,36.30
正版 Python从菜鸟到高手 Python核心知识点以及Python在Web开发 python3p,99.00
现货 python语言程序设计基础 第2版第二版 嵩天 礼欣 黄天羽 大学计算机课程改革项目规,44.00
Python数据分析 第2版(影印版) Wes McKinney 978756417519,74.30
从零开始学Python程序设计,67.20
树莓派Python编程入门与实战(第2版),63.40
Python树莓派编程,45.00
正版 PYTHON基础教程（第3版） （挪威）海特兰德　人民邮电,79.20
Python数字信号处理应用  [美]艾伦·唐尼(Allen B.Downey),28.40
达人迷 Python趣味编程10例 Python入门到实践 青少年编程书籍 STEAM&,70.31
全新正版！Python程序设计基础与应用 董付国 Python编程基础教程书籍  机械工业出版社,36.70
Selenium 2自动化测试实战——基于Python语言 9787121278532,42.00
Python树莓派编程 9787111550303,32.00
2K 9787111539759 OpenCV 3计算机视觉：Python语言实现(原书第,39.20
清华  Python+Spark 2 0+Hadoop机器学*与*数据实战 9787302,85.10
电子工业   跟老齐学Python：数据分析 9787121340031 电子工业出版社,69.50
电子工业   Selenium 2自动化测试实战——基于Python语言 97871212,51.90
Python高效开发实战——Django、Tornado、Flask、Twisted,57.90
"Python参考手册(第4版)，  9787115242594 (美)比兹利,谢俊,杨越,",424.00
Python编程基础,45.00
Python物理建模初学者指南 数据处理入门到实践 数据可视化编程,44.10
Python数据分析（第2版）,49.30
Python编程快速上手 让繁琐工作自动化 Python面向实践编程实用指南书,48.90
精通Python自然语言处理 NLP python处理,43.90
Python数据分析与应用 企业真实项目案例 源代码等相关学习资源 大数据 数据分析 数,37.10
像计算机科学家一样思考Python Python核心编程 python进行数据分析基础教,35.90
Python爬虫开发 从入门到实战 微课版 微课版Python爬虫 案例丰富 讲解详细,36.40
Python科学计算基础教程 计算机编程语言与结构 人民邮电出版社,42.60
用Python写网络爬虫 第2版 计算机编程语言与程序设计 python学习手册,40.50
零起点Python大数据与量化交易,73.26
正版现货  Python程序设计案例课堂,51.06
正版现货 Python 3程序开发指南(第2版 修订版),50.40
Python设计模式 第2版,28.47
Python 3网络爬虫开发实战 崔庆才,70.00
Python数据科学手册 错误和调试 探索花哨的索引 处理缺失值 记录数组 计算机,106.82
利用Python进行数据分析 利用Python进行数据分析 计算机与互联网 编程语,91.70
Python游戏编程快速上手 第4版 计算机网络 程序设计制作流程书 游戏编程入门,67.62
全新正版 Python编程基础 张健 张良均 人民邮电出版社 9787115474490,31.40
正版 你也能看得懂的Python算法书 王硕 python基础教程从入门到精通利用pyt,48.20
Python编程-从入门到实践＋Python网络爬虫从入门到实践 2本,96.60
Python测试驱动开发 使用Django Selenium和JavaScript进行Web编程2版,88.00
Python数据科学手册 图灵程序设计丛书,82.60
Web API的设计与开发+Web接口开发与自动化测试 基于Python语言 2本,78.50
Python与量化投资 从基础到实战 王小川,69.00
包邮 玩转Python网络爬虫+Python3爬虫 数据清洗与可视化实战+Python数据分析入门,129.00
Python 网络爬虫实战+Python程序设计教程  Python语言编程教程书籍,88.50
包邮 Python数据处理 全面掌握用Python进行爬虫抓取以及数据清洗与分析的方法,74.30
Python机器学习 原书2版,62.00
Python网络爬虫从入门到实践 python语言编程教程书籍,39.80
正版名Effective Python:编写高质量Python代码的59个有效方法 978,35.40
104   零基础学编程：树莓派和Python 9787121343445 电子工业出版社,30.90
Python核心编程 第3版,64.40
Python网络数据爬取及分析从入门到精通 爬取篇 Python零基础教程书籍 网络分布式爬虫框架,41.80
【JG】 程序设计导论：Python语言实践(英文版),105.60
【JG】 Python爬虫开发与项目实战,62.40
【HW】 Python数据可视化,55.90
【JG】 从零开始学Python网络爬虫,50.20
【JG】 OpenCV 3计算机视觉：Python语言实现(原书第2版),40.20
【正版包邮】利用Python进行数据分析 python基础教程 企业数据分析书籍,65.50
【正版包邮】利用Python进行数据分析 Python编程从入门到实践 核心编程基础教程网络爬虫入门,94.20
【正版】数据结构 Python语言描述 Python语言版 国外高等院校信息科学与技术教材 计算机教,69.00
【】Python测试之道,59.80
和孩子一起玩编程+父与子的编程之旅(与小卡特一起学Python),107.61
Python机器学习经典实例(影印版)(英文版),70.08
python基础教程 零基础学python3.5编程从入门到实践 精通计算机程序设计pathon核心,89.00
【RT】 Python自然语言处理(影印版),68.90
利用python进行数据分析(原书第2版) O'Reilly 基础教程Python实践从入门到精通计,116.00
达人迷 Python 趣味编程10例 Python入门到实践 Python编程初学指导书 青少年编程,87.00
Python数据分析 *二2版 Python 数据科学教程书 数据分析 Python机器,51.40
自学Python——编程基础、科学计算及数据分析,60.80
程序设计导论 Python计算与应用开发实践 原书2版 计算机科学丛书,69.00
Python 基础教程 第3版 零基础学python3.5编程从入门到实践 精通计算机程序设计 核心,89.00
PYTHON数据分析基础教程/王斌会,39.60
包邮 Python科学计算最佳实践：SciPy指南 开源Python算法库数学工具包书籍,51.60
正版 机器学习：使用opencv和python进行智能图像处理 计算机与互联网 编程语言,53.50
正版 Python从菜鸟到高手 Python核心知识点以及Python在Web开发 数据,95.60
正版 Python程序设计案例教程 从入门到机器学习 微课版  专科教材 工学 计算机,38.60
套装2册 流畅的Python+Python高性能编程  python编程教程书籍 pyt,160.60
包邮 Python高性能编程python编程教程书籍 python核心编程 python,57.50
正版 Python微控制器编程从零开始 使用MicroPython 计算机与互联网 信息,39.20
虫术——Python绝技,79.00
Python金融实战,78.00
跟老齐学Python：Django实战,68.00
学习编程步 零基础上手Python开发,64.00
零压力学Python,63.00
Python与神经网络实战,63.00
Python数据分析从入门到精通,59.00
Python程序员面试算法宝典,52.00
MicroPython入门指南,50.00
正版中利用Python进行数据分析 9787111436737 机械工业出版社,51.60
跟老齐学Python:Django实战,41.40
包邮 你也能看得懂的Python算法书+图解算法 使用Python书籍 2本,77.60
Python程序设计/计算机科学丛书,72.60
Python从入门到精通 核心编程入门书籍零基础学习网络爬虫 python编程从入门到实践 pyth,51.00
Python编程实战(运用设计模式并发和程序库创建高质量程序)/华章程序员书库,64.10
Python物理建模初学者指南,38.35
Python程序设计开发宝典,44.85
从Python开始学编程,45.00
Python+Spark 2.0+Hadoop机器学习与大数据实战 大数据技术教程书籍 大数据理论和,126.00
正版 用Python写网络爬虫 第2版+Python编程 从入门到实践(全2册)数据抓取采集分析 开,120.00
Python语言及其应用python语言程序设计Python程序设计教程Python书籍python,67.00
Python算法教程 python语言编程入门书籍 Python程序设计教材Python基础教程 利,64.00
包邮 Django 2.0 入门与实践+玩转Django 2.0 Python编程教程书籍 2本,110.50
包邮 Python深度学习 基于TensorFlow+机器学习与深度学习 通过C语言模拟书籍 2本,101.60
2018年高教版Python语言程序设计冲刺试卷 含线上题库 全国计算机等级考试二级教程 Pytho,36.00
包邮 深度学习入门 基于Python3的理论与实现+Python深度学习书籍 2本,132.80
包邮 Flask Web开发 基于Python的Web应用开发实战+Python Web开发实战书籍,120.60
包邮 Python编程之美 实践指南+Python编程 从入门到实践书籍 2本,129.60
包邮 学习编程第一步 零基础上手Python开发 Python编程入门教程书籍,58.80
包邮 Python深度学习 Python机器学习前馈神经网络Theano书籍,44.50
包邮 量化投资+零起点Python大数据与量化交易+机器学习快速入门 3本 语言编程书籍,191.80
包邮 Django 2.0 入门与实践+玩转Django 2.0书籍 Python编程教程3本书籍,173.60
Python数据可视化之matplotlib实践 数据分析从入门到实战系列 Python编程语言入门,59.00
正版 Python社会媒体挖掘 计算机 网络 程序设计 其他 Python  人民邮电出,53.00
Python程序设计教程,33.60
【全3册】Django 2.0 入门与实践+Python新手使用Django架站的16堂,190.60
正版【全2册】中学生可以这样学Python+零基础入门学习Pythonpython语言程,69.00
Python Cookbook 第三版 中文版 第3版 David Beazley著 零基础学习py,75.90
教孩子学编程Python语言版+趣学Python 教孩子学编程 全2册 程序设计书籍 python从,86.00
正版 数据结构 Python语言描述 计算机网络 基于Python语言的数据结构基础编程,50.10
Python语言程序设计,33.20
Python程序设计与实践——用计算思维解决问题,24.70
Python网络编程 第3版 Python3爬虫数据分析编程理解技术 Python构建网络应用程序技,55.50
Python程序员面试算法宝典,48.80
零基础入门学习Python 9787302438205,33.70
PySpark实战指南：利用Python和Spark构建数据密集型应用并规模化部署 978,32.80
Python语言及其应用,63.99
正版 Python游戏编程入门 计算机 网络 图形图像 多媒体 游戏开发 课件设计 人民,38.60
包邮 Python黑客攻防入门  Python黑客攻防技术教程书籍 Web黑客攻击程序应,45.80
正版 精通Python爬虫框架Scrapy+用Python写网络爬虫 第2版 数据抓取,81.20
包邮 机器人Python极客编程入门与实战 Python极客团队 python极客机器人,45.80
【】Python核心编程 第3版+Python基础教程（第3版）,193.00
Python自然语言处理实战,57.27
编程超有趣 奇妙PYTHON轻松学(第1辑),55.89
Python网络爬虫从入门到实践,40.67
Python趣味编程入门 人工智能 青少年学编程 人工智能热门编程语言 附赠源代码文件,49.00
区域包邮TZPython机器学习及实践+实用机械学习+大战机械学习+深入浅出深度学习 机械,207.40
正版 Python语言在Abaqus中的应用 计算机 网络 程序设计 Python  编,38.80
正版 Python自然语言处理 计算机与互联网 编程语言与程序设计 计算机网络 程序设计,61.80
正版 Python自然语言处理实战 核心技术与算法 计算机算法 表达式在NLP的基本应用,55.10
包邮 Selenium自动化测试 基于 Python 语言 web UI测试入门书籍 构,38.60
Python应用开发实战  计算机编程及程序设计 python核心编程 基础教程 人民邮电出版社,68.70
Python即学即用 畅销书籍 计算机 正版python即学即用 张燕妮,41.00
Python树莓派编程 畅销书籍 计算机 正版 沃尔弗拉姆 多纳特(Wolfram Don,40.20
Python开发向导 畅销书籍 计算机 正版Python 开发向导 肖睿,38.00
"Python网络爬虫从入门到实践 唐松,陈智铨 编著 编程语言 机械工业出版社 97871",40.20
从零开始学Python程序设计,67.20
Head First Python(第二版) 9787519813635 Paul Bar,83.20
Python语言及其应用,63.00
Python极客项目编程 提升计算机编程技能 人民邮电出版社,60.00
教孩子学编程Python语言版+趣学Python 教孩子学编程 全2册 程序设计书籍 python从,118.00
包邮  深入浅出深度学习 原理剖析与Python实践+Python大战机器学习2本书,116.00
Keras快速上手：基于Python的深度学习实战 谢梁 9787121318726,51.40
Python与机器学习实战：决策树、集成学习、支持向量机与神经网络算法详解及编程实现 97,44.90
趣学Python编程 畅销书籍 计算机 正版 Jason Briggs,37.80
面向ArcGIS的Python脚本编程 畅销书籍 计算机 正版面向ArcGIS的 Pyth,39.20
Python和Pygame游戏开发 [美] Al Sweigart 斯维加特,47.30
图解数据结构--使用Python,59.90
正版 Python数字信号处理应用Python在DSP中应用教程Python语言编程从入,34.80
正版现货 Python新手使用Django架站的16堂课,65.90
正版现货 Python文本分析,58.50
Python编程快速上手让繁琐工作自动化+Python核心编程第3版 2册 编程基础教程网络爬虫入门,168.00
包邮 实用机器学习+深入浅出深度学习 原理剖析与Python实践,116.00
Python编程快速上手——让繁琐工作自动化 [美] Al Sweigart  斯维加特,54.90
python高效开发实战 刘长龙,71.00
Python项目开发实战 日 BePROUD股份有限公司,64.80
全新正版Python编程从入门到实践python基础教程书籍python网络爬虫网络数据采集零基础入,72.00
正版现货  跟老齐学Python：Django实战,51.06
正版现货  Python全栈开发实践入门,51.06
跟老齐学Python：Django实战+跟老齐学Python：轻松入门 2本,104.00
现货 Python编程从零基础到项目实战（微课视频版）Python基础教程第3版 编程入门,49.20
Python+Spark 2.0+Hadoop机器学习与大数据实战 大数据技术教程书籍 大数据理论和,127.00
PYTHON 3.7从零开始学,65.57
数据结构与算法 Python语言实现 python编程入门基础教程指南 计算机程序设计实践图书籍 基,98.00
包邮   Python机器学习算法+深入浅出深度学习：原理剖析与Python实践,110.90
Python 3学习笔记（上卷）,57.90
软件架构：Python语言实现,55.30
包邮  Python机器学习实践指南 程序设计 python书籍,53.30
跟老齐学Python：数据分析 9787121340031 齐伟,51.40
Python基础教程-(第3版),84.20
Python程序设计案例课堂,57.27
Python参考手册 第4版 修订版,75.80
Python地理空间分析指南（第2版）,75.00
包邮 深度学习 基于Kreas的Python实践 魏贞原 著 深度学习框架架构开发设计教程书籍,43.40
流畅的Python,126.49
教孩子学编程 Python语言版+趣学Python+趣学JavaScript 教孩子学编程,132.80
Python数据科学手册,76.30
机械工业：深度实践OpenStack：基于Python的OpenStack组件开发,55.00
人民邮电：我的Python世界 玩《Minecraft我的世界》学Python编程,48.00
正版 PYTHON机器学习：5个数据科学家案例解析 （美）哈龙 清华,39.80
正版 零基础入门学习PYTHON 小甲鱼 清华 9787302438205,39.60
机器人Python极客编程入门与实战+机器人系统设计与制作 Python语言实现 pyth,88.50
跟老齐学Python：Django实战 Django开发实战教程书籍 Django,67.62
Python Linux系统管理与自动化运维 Python Linux操作系统编程,87.22
包邮  零起点python足彩大数据与机器学习实盘分析 Python编程语言教程书籍,69.40
包邮 Python Web开发实战+SRE:Google运维解密 2本,161.00
包邮 Julia数据科学应用+Python数据科学入门  2本  Julia应用技巧机器,118.00
包邮 跟老齐学Python：Django实战+跟老齐学Python：轻松入门 2本,104.00
包邮 实用机器学习+深入浅出深度学习 原理剖析与Python实践,116.00
Python数据科学-技术详解与商业实践 常国珍 赵仁乾 张秋剑 著/机械工业出版社,87.10
包邮 量化交易之路+Python机器学习快速入门+大数据与量化交易+量化投资 4本,258.60
包邮 Python文本分析|7836736,55.30
Python学习手册：第4版(涵盖Python2 6和3 X),88.06
Python网络编程 第三版,77.42
Python带我起飞:入门、进阶、商业实战 计算机 网络 程序设计 Python入,59.80
Python程序设计与算法基础教程（21世纪高等学校计算机专业实用规划教材）Python,57.82
python数据科学：技术详解与商业实践 Python数据分析数据挖掘 机器学习书籍,73.80
预售  疯狂Python讲义+Python从小白到大牛共2 李刚 关东升零基础学Python书籍,145.60
包邮 Python数据分析入门从数据获取到可视化+数据分析从入门到精通 2本,96.00
Python数据科学导论,46.60
Python数字信号处理应用,31.50
现货零起点Python足彩大数据与机器学习实盘分析 Python编程语言书籍 机器学习,69.30
正版 Python 3标准库 计算机与互联网 编程语言与程序设计 计算机 网络 程序设计,152.30
程序设计导论：Python计算与应用开发实践（原书第2版） 计算机与互联…|8053725,69.30
正版L Web接口开发与自动化测试——基于Python语言 虫师著 电子工业出版社 978,45.80
正版 学习编程第*步 零基础上手Python开发 Rob Miles Python编程入,67.20
包邮 Python神经网络编程+深度学习  机器学习书籍 2本,168.00
从零开始学Python网络爬虫 Python网络爬虫开发原理工具书 python网络爬虫程,42.60
Python数据科学实践指南 计算机与互联网 书籍|5828730,41.30
用Python写网络爬虫 第2版 游戏开发应用 Python编程序设计基础教程入门书籍 python,34.20
Python数据分析基础 零编程经验学会Python编程从入门到实践python3.0绝技核心编程基,48.50
python**开发实战 Python语言编程基础教程书籍 核心编程 Python Web框架开发从,65.60
Python网络爬虫实战（第2版) python3网络爬虫开发实战 python基础教程 pytho,58.50
Python程序设计 第3版 计算机 网络 程序设计核心编程 python基础教程 pyhton从入,48.50
Python机器学习 预测分析核心算法 Python开发程序设计教材 Python语言编程教程书籍,48.50
Python程序设计教程 涵盖python3.0到3.5实用特性 林信良 清华大学出版社 pytho,43.10
Python即学即用,37.50
（正版） MicroPython入门指南  9787121328466,50.20
Python程序设计案例课堂 清华大学出版社 刘春茂、裴雨龙、展娜娜 9787302483,52.40
学习编程步 零基础上手Python开发 清华大学出版社 [英] Rob Miles 曹瑜,60.60
像计算机科学家一样思考Python 第2版 绝技核心编程基础视频教程网络爬虫入门书籍 python从,34.40
量化投资 以Python为工具 量化投资Python实战入门书籍 量化投资分析 金融投资 Pytho,73.20
【官方】Python编程从入门到实践 python3.5核心编程基础教程快速上手 3.0零基础笨办法,50.20
精通Python网络爬虫 核心技术、框架与项目实战 Python编程入门教程 核心技术 框架实战 p,50.40
Python网络爬虫从入门到实践 python语言编程教程书籍 Python网络数据采集 用Pyth,34.40
Python自然语言处理实战:核心技术与算法9787111597674,44.90
OpenCV 3计算机视觉：Python语言实现(原书第2版),36.80
Python计算与编程实践：多媒体方法(原书第2版),51.80
Python自然语言处理实战：核心技术与算法,51.80
Python数据科学导论,44.30
Raspberry Pi：Python编程入门 9787030393265,25.10
深入浅出Python机器学习 清华大学出版社 段小手 9787302503231,52.40
Python数据可视化编程实战 *2版 数据分析处理教程 数据科学 matplotlib,69.00
Python参考手册（第4版·修订版）,72.09
学习编程第一步 零基础上手Python开发,66.24
Python绝技,64.78
Python绝技,64.78
Python算法教程,55.89
Python网络数据爬取及分析从入门到精通(爬取篇),49.04
包邮 教孩子学编程（Python语言版）+父与子的编程之旅 与小卡特一起学Python,98.00
图灵教育 Python数据科学手册 数据分析计算书籍 机器学习 NumPy数据存储 Ma,87.20
数据结构 Python语言描述 大学教材,69.80
Python应用开发实战 python核心编程 Python项目开发实战教程 Pytho,63.20
Python金融实战 程序设计 编程 python编程,63.20
Python机器学习-第2版-(影印版),87.20
Python编程与问题求解,50.80
Python数据科学实践指南,50.20
Python程序设计与算法基础教程,50.20
Python趣味编程入门,41.70
Python 程序设计基础实战教程,38.30
Python程序设计-(第3版),58.70
Python自然语言处理实战核心技术与算法,58.70
Python网络爬虫实战,50.20
Python机器学习实践-测试驱动的开发方法,50.20
Python网络编程攻略,38.30
Python 3网络爬虫开发实战 计算机编程语言与程序设计,79.20
Python绝技 运用Python成为黑客 出版社:电子工业出版社,63.30
"树莓派Python编程入门与实战(XX版) [美] Richard Blum 勃鲁姆, C",54.90
Python参考手册(第4版·修订版) [美]大卫 M.比兹利(David M.Beazl,70.10
Keras快速上手-基于Python的深度学习实战 谢梁,63.30
虫术——Python绝技 9787121344565 梁睿坤,64.40
Python Java C 语言从入门到精通三本套计算机核心编程基础教程书籍 零基础自学电脑程序设计,191.00
Python 网络数据采集 Python编程从入门到实践 核心编程基础教程 网络爬虫入门书籍 pyt,65.00
【赠源代码】Python 3网络爬虫开发实战 崔庆才 用Python写网络爬虫 计算机编程入门基础到,94.00
OpenCV 3计算机视觉 Python语言实现(原书第2版)+视觉SLAM十四讲,98.00
预售包邮 Python机器学习 原书第2版第二版 [美] 塞巴斯蒂安·拉施卡 著 机械工业出版社书籍,65.90
包邮  Python与机器学习实战+TensorFlow技术解析与实战 2本,112.00
包邮  实用机器学习+Python机器学习及实践 从零开始通往Kaggle竞赛之路,93.50
Python物理学高效计算,69.30
21天学通C++ 第8版 Java Python 程序设计书籍 软件开,55.30
Python极客项目编程,48.30
Selenium自动化测试 基于 Python 语言,34.30
包邮 Python数据科学手册+像计算机科学家一样思考Python  2本,118.00
包邮 Python机器学习算法 Python语言编程教程书籍 python数据分析书籍,49.90
Python机器学习经典实例 人工智能 机器人 无人驾驶,41.30
正版 流畅的Python+Python编程 从入门到实践 套装2册 Python软件开发,176.00
包邮 零基础入门学习Python Python3入门教程 Python开发教程 Pyth,174.70
Python数据可视化 计算机与互联网 书籍|5423396,48.30
玩转Django 2.0 Python编程教程书籍 DjangoWeb 开发技术 接口自动 计算机网,69.00
包邮 Python Web开发实战+Python Qt GUI快速编程：PyQt编程指南,136.50
Python程序设计教程,29.00
Python高级编程 第2版 Python编程语言教程书籍,66.50
Python编程从零基础到项目实战（微课视频版）,71.80
2本 Python基础教程 第3版+算法图解,105.70
利用Python开源工具分析恶意代码,70.70
Python与量化投资 从基础到实战,74.00
Python数据科学指南,56.40
正版L Python绝技：运用Python成为黑客 出版社:电子工业出版社 电子工业出版社,61.00
正版 Python学习手册 原书第5版 马克 卢茨 学习python运维实践计算机网络程,176.20
零起点python足彩大数据与机器学习实盘分析+零起点Python机器学习快速入门+大,266.00
【全3册】父与子的编程之旅+教孩子学编程+趣学Pythonpython编程入门教程Pyt,177.70
Python 3.5从零开始学 python基础教程3.0核心编程从入门到实践网络爬虫 计算机视频从,43.70
Python机器学习基础教程 Python机器学习算法教程书籍 Python语言编程 Python模,55.10
Python编程 第2版 Python编程语言教程书籍 python 程序设计 编程源代码开发基,62.50
Python从入门到精通 核心编程入门书籍零基础学习网络爬虫 python编程从入门到实践 pyth,79.80
学习编程步 零基础上手Python开发 Python编程入门教程书籍 基础教程核心编程 Pyth,56.80
Python 深度学习实战 Python机器学习算法教程 神经网络建模强化学习方法迁移学习解决方法,58.50
Python编程导论 第2版 计算机编程入门 MOOC教材python编程入门 python编程从入,46.40
父与子的编程之旅 与小卡特一起学Python 教孩子编程的图书 python编程入门教程 Pytho,43.70
Python机器学习实践指南 ython语言编程教程书籍 python机器学习入门教程书 机器学习算,48.50
Python自动化运维：技术与佳实践,51.80
数据科学实战手册 R+Python 9787115426758,39.50
PYTHON编程从入门到精通,63.99
Python数据科学导论 概念、技术与应用,48.97
零起点Python大数据与量化交易,81.18
"Python数据分析（影印版,第2版）",77.22
达人迷Python趣味编程10例,72.09
玩转Python网络爬虫,57.27
Python与机器学习实战,56.58
Python机器学习实践指南,55.89
Python3.5从零开始学,48.97
像计算机科学家一样思考Python（第2版）,39.69
Python程序员面试算法宝典 python程序员面试技巧求职宝典应聘技巧书籍 程序员面试宝典IT企,47.45
跟老齐学Python：数据分析 9787121340031 齐伟,49.80
数据结构 Python语言描述 大学教材,69.80
我的Python世界 Python minecraft 我的世界,69.00
Python社会媒体挖掘 数据科学数据挖掘网络数据分析教程书籍,69.00
Python基础实例教程 微课版 微课版Python基础 案例简单丰富 讲解鞭辟入里,49.80
程序员学Python Python编程入门进阶指南 程序设计领域学者裘宗燕教授力作 Py,71.20
Python机器学习英文版影印版塞巴斯蒂安·拉什卡东南大学出版社9787564170776,70.00
Python程序设计基础教程 慕课版 大学教材,39.80
笨办法学Python 3 编程从入门到实践教程书 Python基,38.40
Python编程从零基础到项目实战-微课视频版,67.80
Python高性能编程,67.20
Python自然语言处理,67.20
Python程序设计案例课堂,58.70
Python程序设计-(第3版),58.70
正版Python测试驱动开发珀西瓦尔东南大学出版社考研全新课本9787564159153,71.50
Python自然语言处理实战核心技术与算法,58.70
Python网络爬虫实战,50.20
Python机器学习实践-测试驱动的开发方法,50.20
Python网络编程攻略,38.30
Python 3网络爬虫开发实战 计算机编程语言与程序设计,79.20
Python绝技 运用Python成为黑客 出版社:电子工业出版社,63.30
编程超有趣 奇妙Python轻松学 *1辑 Python 人工智,69.00
图灵教育 零压力学Python 基础教程从入门到实践 python3.6入门书 核心编程 笨办法学,59.25
Python Web开发-测试驱动方法,84.20
"树莓派Python编程入门与实战(XX版) [美] Richard Blum 勃鲁姆, C",54.90
Python参考手册(第4版·修订版) [美]大卫 M.比兹利(David M.Beazl,70.10
Keras快速上手-基于Python的深度学习实战 谢梁,63.30
虫术——Python绝技 9787121344565 梁睿坤,64.40
Python Java C 语言从入门到精通三本套计算机核心编程基础教程书籍 零基础自学电脑程序设计,191.00
Python 网络数据采集 Python编程从入门到实践 核心编程基础教程 网络爬虫入门书籍 pyt,65.00
从零开始学Python数据分析与挖掘,67.20
Python大战机器学习-数据科学家的第一个小目标,58.70
跟老齐学Python轻松入门,50.20
数据科学导论-Python语言实现,41.70
Python程序设计-从基础到开发,41.70
Python 程序设计,33.20
【赠源代码】Python 3网络爬虫开发实战 崔庆才 用Python写网络爬虫 计算机编程入门基础到,94.00
Python程序设计-视频讲解+实用案例+源代码+实训,33.20
机器学习：使用OpenCV和Python进行智能图像处理,51.80
"零基础学Python [英]理查森,王磊",54.90
数据科学导论:Python语言实现 畅销书籍 计算机 正版数据科学导论-Python语言实,40.20
Python树莓派编程 沃尔弗拉姆 多纳特(Wolfram Donat),40.70
Python数据科学指南 印度 Gopi Subramanian 萨伯拉曼尼安,62.50
Python程序设计基础 新华正版,30.40
机器人系统设计与制作 Python语言实现 郎坦·约瑟夫(Lentin Joseph),48.50
Python数据挖掘 畅销书籍 正版,49.40
Python基础教程 第3版+Python3.5从零开始学 全2册 编程新手入门  软件工具 pyt,158.00
从芯片到云端 Python物联网全栈开发实践 python全栈开发教程书籍  物联网通信技术云计算数,119.00
Python 3 面向对象编程(第2版) 9787121341366 (加)Dusty P,64.40
Python基础教程 第3版 Python程序设计教程书籍 Python程序测试打包发布 Pytho,95.00
2本套 Python编程入门到实践 核心编程 第3版 核心编程基础教程书籍 python3.5计算机,173.00
Python编程快速上手 让繁琐工作自动化 Python语言基础教程学习书Python快速入门Pyt,69.00
易学Python Anthony Briggs,35.90
Python 金融大数据分析 Python编程入门,70.70
Python网络爬虫实例教程(视频讲解版),36.40
包邮 Web测试囧事+Web接口开发与自动化测试:基于Python语言 2本,89.00
PySpark实战指南：利用Python和Spark构建数据密集型应用并…|6877019,34.30
图解数据结构 使用Python 数据结构程序调试方法技巧书 数组堆栈链表队列Python算法书 Py,58.00
Python编程快速上手 让繁琐工作自动化 Python从入门到精通 Python编程书籍 计算机程,37.80
机器学习 Python实践 魏贞原 Python机器学习入门图书 Python编程语言教程从入门到精,42.00
Web接口开发与自动化测试——基于Python语言 自动化测试教程书籍 Se,43.70
Python物理建模初学者指南 python数据结构设计教程书籍 python语言基础入门 pyth,41.40
Python机器学习经典实例 计算机网络 程序设计 计算机与互联网 编程语言与程序设计 数据驱动 机,41.40
零基础学编程 树莓派和Python 金学林 计算机器人软硬件编程技能培训教材教程书籍小学初中高中学生,49.00
包邮 Python学习手册 原书第5版+从零开始学Python数据分析与挖掘书籍,221.80
预测分析：Python语言实现,44.30
“笨办法”学Python(第3版) 9787115350541,33.30
Python新手使用Django架站的16堂课 清华大学出版社 何敏煌 978730246,67.60
Python 3 5从零开始学 清华大学出版社 刘宇宙 9787302475965,44.80
Python程序设计教程 清华大学出版社 林信良 9787302457862,44.80
Python基础编程 Python视频教程 Python编程从零基础到项目实战 python爬虫 p,48.00
Python与机器学习实战:决策树、集成学习、支持向量机与神经网络算法详解及编程实现 97,43.50
PYTHON3网络爬虫开发实战,80.19
Python网络爬虫实战(第2版),65.57
Python数据分析从入门到精通,56.58
Python数据分析（第2版）,55.89
Python程序设计（第3版）,55.89
Python程序设计案例教程 从入门到机器学习 微课版,40.67
用Python写网络爬虫（第2版）,39.69
Raspberry Pi:Python编程入门,31.16
教孩子学编程（Python语言版）+趣学Python+父与子的编程之旅 与小卡特一起学Py,143.00
达人迷 Python趣味编程10例 Python入门到实践 青少,57.90
笨办法学Python 3 编程从入门到实践教程书 Python基,38.40
Python爬虫开发 从入门到实战 微课版 微课版Python爬虫 案例丰富 讲解详细,49.80
Python机器学习基础教程,63.20
Python机器学习经典实例-(影印版),76.80
Python编程人入门到精通,67.20
包邮 Python语言程序设计|4681210,55.30
包邮  Python程序设计习题解析 清华社 Python编程教程书籍 Python,27.80
【赠源代码】Python编程从入门到实践 python3.5绝技核心编程基础教程 网络爬虫入门书籍,122.00
利用Python进行数据分析 Python编程从入门到实践 核心编程基础教程 网络爬虫入门书籍 py,90.00
零基础学编程：树莓派和Python 金学林 著 电子工业出版社图书籍,31.90
包邮 机器学习 Python实践 魏贞原 Python机器学习入门图书 Python编程语言教,44.80
Python性能分析与优化 [乌拉圭] 多格里奥(Fernando Doglio),36.70
包邮Python编程-从入门到实践+Python基础教程(3版)+零基础入门学习Python 共3本,160.00
包邮 现货包邮 Python大战机器学习：数据科学家的个小目标+python语言编程教程书,156.00
包邮   原理剖析与Python实践+Python机器学习及实践+Python大战机器学习,152.80
包邮 Python参考手册（第4版修订版）+Python Web开发实战 2本,147.00
包邮 Python高性能编程 python编程教程书籍 python核心编程 python,60.50
Python自动化运维：技术与佳实践,49.70
正版 Python学习手册(原书第5版) python编程从入门到精通 python入门,167.90
Python设计模式(XX版) [印度]Chetan Giridhar 吉里德尔,32.10
Python网络爬虫从入门到实践 唐松 陈智铨,40.70
套装2册 流畅的Python+Python高性能编程  python编程教程书籍 pyt,160.60
机器人系统设计与制作：Python语言实现 计算机与互联网 书籍|5386910,41.30
正版 Python 3网络爬虫开发实战+Python编程(全2册) 从入门到实践 网络爬,125.30
【正版包邮】Python带我起飞--入门进阶商业实战 Python3.5视频教程书籍 爬虫项目机器学,67.00
2本 Python编程从零基础到项目实战+Python神经网络编程 人工智能书籍,92.80
2本 Python编程从入门到实践 Python3网络爬虫开发实战 python基,134.30
python基础教程 零基础学Python3.5编程从入门到实践 精通计算机程序设计pathon核心,84.00
【Python 3本套 赠配套源代码】Python基础教程 流畅的Python编程从入门到实践书籍,313.00
2本套 Python编程入门到实践 流畅python 核心编程的基础教程书籍 python3.5计算,214.00
Python极客项目编程 开发有趣的极客项目 Python编程技能,49.30
2本 Python基础教程 第3版+Python算法教程,120.00
正版 PYTHON3网络爬虫开发实战 崔庆才　人民邮电 9787115480347,79.20
PySpark实战指南-利用Python和Spark构建数据密集型应用并规模化,36.80
Python语言程序设计,30.40
“笨办法”学Python(第3版),44.59
包邮 学习编程一步 零基础上手Python开发 Python编程入门书籍,59.90
预售包邮 Python程序设计基础 原书第4版 Python语言编程教程书籍 机械工业出版社,73.80
包邮 精通Python自然语言处理+NLP汉语自然语言处理原理与实践 2本,119.00
包邮 机器人制作实践指南+机器人系统设计与制作:Python语言实现 2本,97.00
正版 图解算法：使用PYTHON 吴灿铭 清华 9787302509882,42.10
从零开始学Python数据分析-视频教学版,62.10
利用python进行数据分析(原书第2版) O'Reilly 基础教程Python实践从入门到精通计,83.00
人民邮电:Flask Web开发 基于Python的Web应用开发实战 第2版,48.00
包邮 Python机器学习算法+深入浅出深度学习：原理剖析与Python实践,110.90
包邮现货 Keras快速上手 基于Python的深度学习实战 keras编程教程书籍 电子工业出版社,56.40
Python程序设计案例课堂  零基础、入门级的讲解，超多、实用、专业的范例和项目，,50.60
包邮 Python核心编程(中文 第二版)|39969,71.20
正版 Python与量化投资 从基础到实战 王小川 Python量化投资策略分析技术工具,76.20
利用Python进行数据分析+Python金融大数据分析 2本,165.00
包邮 Python科学计算基础教程+Python数据科学指南  2本,97.00
包邮  零起点Python机器学习快速入门+ 面向机器智能的TensorFlow实践,96.00
包邮 MicroPython入门指南+micro bit 入门指南 2本 硬件平台,79.00
Python新手使用Django架站的16堂课,64.10
包邮   Python程序设计案例教程 人邮教材,46.90
包邮  NLTK基础教程 用NLTK和Python库构建机器学习应用 自然语言处理,39.50
Python爬虫开发与项目实战 Python编程入门教程书籍 数据采集教程,58.50
正版 精通Python爬虫框架Scrapy Scrapy+用Python写网络爬虫 第2,150.90
机械工业：Python程序员面试算法宝典,45.50
2本 Python编程从零基础到项目实战+Python绝技：运用Python成为顶级黑客,102.90
Python程序设计 计算机科学丛书,59.00
正版 PYTHON程序员面试算法宝典 猿媛之家组 机械工业 9787111607793,53.30
elenium自动化测试基于Python语言+Selenium WebDriver3,88.50
包邮 Python数字信号处理应用+数字信号处理,97.50
Python网络爬虫从入门到实践 python数据抓取技术教程书籍 python网络爬虫,35.00
PYTHON编程：从入门到实践 （美）马瑟斯 人民邮电出版社 9787115428028,66.50
2本 Scratch少儿游戏趣味编程+青少年学Python 视频讲解编程语言,105.60
预测分析建模 Python与R语言实现 程序设计,59.00
Python高性能编程 基础教程书 编程从入门到实践,56.40
正版 PYTHON数据分析（第2版） （美）凡丹戈 人民邮电 9787115481177,55.20
Selenium WebDriver3.0 自动化测试框架实战指南 python语言版,49.50
包邮Python与机器学习实战：决策树、集成学习、支持向量机+深入浅出深度学习原理剖析,110.80
人民邮电：Python社会媒体挖掘,51.75
Selenium自动化测试之道——基于Python和Java语言 计算机 软件开发Ping,42.20
包邮 Python高性能编程+Python爬虫开发与项目实战 2本,118.50
包邮Python爬虫开发与项目实战+精通Python网络爬虫 2本 语言编程教程书籍,110.90
邮 预测分析 Python语言实现+预测分析建模 Python与R语言实现  2本,102.80
包邮  实用机器学习+Python机器学习及实践 从零开始通往Kaggle竞赛之路,93.50
Python网络爬虫从入门到实践+Python 网络爬虫实战python数据抓取技术教程书,81.00
Python高性能编程 Python基础教程书籍 Python编程从入门到实践,59.00
机器人Python极客编程入门与实战 Python极客团队 python极客机器人编程教程,41.80
树莓派Python编程入门与实战（第2版）Python编程基础教程书籍 树莓派Py,53.00
包邮 Python学习手册:第4版|197976,83.30
Python核心编程 第3版+Python基础教程（第3版）全套2册,158.40
包邮 量化交易之路+量化投资+零起点Python大数据与量化交易 3本,214.80
Python极客项目编程+Python编程 从入门到实践+Python编程快速上手 让繁琐工作自动化,159.80
包邮 Python数据科学手册+Python大战机器学习+套路！机器学习 3本,186.00
包邮 Python学习手册 原书第5版+从零开始学Python数据分析与挖掘书籍,221.80
正版 利用Python开源工具分析恶意代码赵涏元hon黑客攻防从入门到精通Python开,75.30
图解服务器端网络架构 编程 计算机书籍 python爬虫 游戏开发 局域网组建 网站开发 网页设计,55.50
贝叶斯思维 统计建模的Python学习法 Python编程入门教材 贝叶斯定理 数据科学家优选手册,34.40
正版 Python 3面向对象编程指南 第2版（加）达斯帝菲利普斯 Python编程零基,83.20
正版 R语言机器学习 卡西克 拉玛苏布兰马尼安 数据科学数据处理书籍 python数据分,74.00
正版 Python编程从零基础到项目实战 微课视频版 刘瑜 Python基础教程第3版P,64.80
正版现货 利用Python进行数据分析 麦金尼著Python核心编程教材 Python语,69.40
Python绝技：运用Python成为黑客 9787121277139,52.90
零基础入门学习Python 清华大学出版社 小甲鱼 9787302438205,37.60
"Python Cookbook（中文版,第3版）",87.48
Python数据分析与数据化运营,82.17
Python语言程序设计,65.57
"Python基础教程（第2版,修订版）",63.99
我的Python世界,55.89
"""笨办法""学Python 3",47.79
Python社会媒体挖掘 数据科学数据挖掘网络数据分析教程书籍,69.00
Python地理数据处理 python数据处理 ArcGIS 矢量数据,63.20
预测分析建模-Python与R语言实现,67.20
Python程序设计案例教程,50.80
Flask Web开发 基于Python的Web应用开发实战,47.20
Python与量化投资：从基础到实战 9787121338571 王小川等,64.40
Python自动化运维：技术与佳实践 9787111483069 刘天斯,44.90
Python编程快速上手 让繁琐工作自动化 9787115422699 [美] Al Sw,44.90
Python性能分析与优化,36.45
Python Web开发实战 董伟明,83.40
Python程序设计基础 李东方 畅销书籍 正版,31.50
Python 数据处理 [美] 杰奎琳·凯泽尔(Jacqueline Kazil)凯,77.70
深度实践OpenStack：基于Python的OpenStack组件开发…|7502219,55.30
(正版特价)Python计算与编程实践：多媒体方法(原书第2版) 计算机…|217148,26.22
包邮 [按需印刷]编写高质量代码：改善Python程序的91个建议|3770256,59.00
正版现货 Head First Python(第二版) （美）保罗·巴里（Paul Barry）编著,115.00
包邮 Python爬虫开发与项目实战 +精通Python网络爬虫:核心技术、框架与项目实战,112.00
树莓派开发实战 第2版 树莓派 Raspberry Pi Python 实战,62.30
Python程序设计 第3版,48.30
Python即学即用,36.00
包邮 漏洞战争：软件漏洞分析精要+Python黑帽子:黑客与渗透测试编程之道 2本,129.00
包邮 Python数据分析入门+Python 3网络爬虫开发实战 2本,120.10
Python程序设计基础,29.80
Raspberry Pi Python编程入门 (英)Simon Monk著；姜斐祚译,31.70
贝叶斯思维:统计建模的Python学习法 畅销书籍 计算机 正版贝叶斯思维-统计建模的Py,39.20
Python面向对象编程指南 新华正版,62.40
Python 密码学编程 [美] Al Sweigart 斯维加特,54.90
从Python开始学编程 Vamei,40.20
Python开发向导 新华正版,38.70
零基础入门学习Python+学习编程步 零基础上手Python开发 全2册 pyhton从入门到,129.30
"Python统计分析 建模 数据分析 讲述统计数据分析与应用 Springer""统计和计",79.00
PYTHON从小白到大牛,73.87
流畅的Python 编程从入门到实践 python代码大全 python入门到精通进阶书籍 Pyth,128.00
深入浅出Python机器学习,58.70
Python数据分析与挖掘实战/计算机软件与程序设计/Python教材书|4894338,48.30
Python程序设计第一课,36.30
Python+Spark 2 0+Hadoop机器学习与大数据实战,69.30
包邮  视觉SLAM十四讲：从理论到实践+试读 Python计算机视觉编程,109.50
包邮 量化交易之路 用Python做股票量化分析+量化炼金术 中低频量化交易策略研发 共2本,109.00
包邮  实用机器学习 python机器学习入门教程书籍 机器学习算法,55.90
包邮数据科学家养成手册+Python大战机器学习+数据科学家修炼之道 3本,164.00
包邮 深度学习 优化与识别+深入浅出深度学习 原理剖析与Python实践 2本,155.00
(正版特价)Python数据挖掘：概念、方法与实践 计算机与互联网 书籍|230328,22.42
Python+Spark 2.0+Hadoop机器学习与大数据实战+生态系统操作与实战指南,125.80
清华大学：从零开始学Python数据分析与挖掘,59.25
包邮从芯片到云端 Python物联网全栈开发实践 全栈开发书籍 云计算 数据分析,88.90
Python机器学习实践指南 程序设计 python书籍,50.00
现货正版零起点Python足彩大数据与机器学习实盘分析 Python编程语言书籍 机器学习,75.00
包邮利用Python开源工具分析恶意代码Python开源工具恶意代码分析技术教程书籍,73.60
包邮精通Python爬虫框架Scrapy+精通Scrapy网络爬虫程序编程图书,88.50
Python爬虫开发与项目实战,61.60
Python程序设计开发宝典,50.00
Python数据分析与挖掘实战 Python核心编程Python语言开发入门教程,51.60
数据结构与算法 Python语言实现 数据结构,87.40
包邮 预测分析建模：Python与R语言实现|4980710,55.30
从零开始学Python程序设计,60.83
包邮 Python机器学习|5345679,55.30
包邮 Python数据分析实战|6399154,55.30
包邮 Python自然语言处理|8051535,55.30
Python程序设计第一课,39.69
正版 虫术 Python绝技  Python2 3实战项目书籍源代码可视化爬虫深入分析爬,69.00
【全2册】Python基础教程 第3版+Python科学计算基础教程Python编程实践,112.00
Python编程 从入门到实践+Python编程快速上手 让繁琐工作自动化+流畅的Python 3本,221.80
玩转Python网络爬虫 Python网络爬虫 Python 3Scrapy 数据爬虫 使用Pyth,49.20
Python 3程序开发指南（第2版 修订版) python从入门到实践教程书籍 python核心编,48.50
Python与神经网络实战 程序开发数据 Python神经网络编程 深度学习框架 python自然语,55.90
Python高性能编程 python编程教程书籍 python核心编程 python编程技术从入门到,52.50
Python机器学习 学习实战 python基础教程指南 数据结构与算法分析 人工神经网络 机器学习,79.00
趣学Python——教孩子学编程  程序设计书籍 少年趣味编程书籍 计算机书,39.40
包邮 零起点Python大数据与量化交易+量化投资 以Python为工具+零起点Python机器学习,216.60
Selenium 2自动化测试实战——基于Python语言 9787121278532,40.10
Python树莓派编程,36.80
（正版） Python与机器学习实战：决策树、集成学习、支持向量机与神经网络算法详解及编程,46.90
零基础入门学习Python 清华大学出版社 小甲鱼 9787302438205,37.60
"Python Cookbook（中文版,第3版）",87.48
Python数据分析与数据化运营,82.17
Python语言程序设计,65.57
"Python基础教程（第2版,修订版）",63.99
我的Python世界,55.89
"""笨办法""学Python 3",47.79
Python地理数据处理 python数据处理 ArcGIS 矢量数据,63.20
Python社会媒体挖掘 数据科学数据挖掘网络数据分析教程书籍,69.00
图解算法 使用Python 数据结构程序调试方法技巧书数组堆栈链表队列算法书Python语言快速入门,49.00
Python参考手册（第4版·修订版）python学习手册核心编程 python基础教,63.40
面向ArcGIS的Python脚本编程 ArcGIS for Desktop用户Python开发,34.40
易学Python Anthony Briggs,36.50
机器学习系统设计：Python语言实现 9787111569459,40.10
Python数据可视化,51.80
Effective Python:编写高质量Python代码的59个有效方法,44.30
Python机器学习实践：测试驱动的开发方法,44.30
数据科学导论：Python语言实现(原书第2版),44.30
PySpark实战指南：利用Python和Spark构建数据密集型应用并规模化部署,36.80
Python+Spark 2 0+Hadoop机器学习与大数据实战 清华大学出版社 林大贵,75.20
Python网络数据采集,47.79
Python Linux系统管理与自动化运维,73.87
青少年学Python,63.99
零压力学Python,63.99
Python游戏编程快速上手（第4版）,55.89
Python数据抓取技术与实战,40.18
Python编程(第四版) 9787512355309 Mark Lutz,124.70
Python自然语言处理 9787111606703 印度] 雅兰·萨纳卡(Jalaj T,49.80
Effective Python:编写高质量Python代码的59个有效方法 978711,37.20
流畅的Python,118.20
Python从菜鸟到高手,108.80
Python+Spark 2.0+Hadoop机器学习与大数据实战,84.20
Python高级编程-(第2版),75.70
Python程序设计基础与应用,41.70
Python树莓派编程,40.67
"Python 入门经典 [美]Katie Cunningham,李军,李强",32.10
Python入门经典 畅销书籍 计算机 正版Python 入门经典 [美]Katie Cu,31.60
Python数据挖掘入门与实践 [澳] Robert Layton,47.30
Python数据分析实战 【意】内利(Fabio Nelli),47.30
编程导论——以Python为舟,59.30
Python游戏编程快速上手-(第4版),58.70
Web接口开发与自动化测试基于Python语言,50.20
Python数据挖掘概念.方法与实践,50.20
Python科学计算机基础教程,41.70
Python程序设计案例教程——从入门到机器学习（,41.70
Python编程 Mark Lutz,164.30
Python大数据与量化交易 何海群,78.70
从Python开始学编程 畅销书籍 计算机 正版 Vamei,39.70
Python 极客项目编程 [美] Mahesh Venkitachalam,54.90
Python数据科学实践指南 新华正版,48.30
Python金融实战 [美] Yuxing Yan 严玉星,62.50
"精通Python自然语言处理 [印度] Deepti Chopra, Nisheeth J",47.30
Python编程从入门到实践+Python神经网络编程 全2册 python核心编程基础教程快速上手,158.00
Python编程快速上手+Java编程思想（第4版）全2册 网络爬虫书籍计算机 视频编程从入门到精通,177.00
"Python统计分析 建模 数据分析 讲述统计数据分析与应用 Springer""统计和计",79.00
PYTHON 3.6从入门到精通(视频教学版),73.87
PYTHON核心编程(XX版) [美]Wesley J.Chun,70.10
3本套 python基础教程 Python3.5编程从入门到实践 Python神经网络编程 网络爬虫,240.00
Python程序设计案例教程-从入门到机器学习(微课版),36.30
玩转Python轻松过二级,38.20
Python绝技：运用Python成为数据工程师,71.89
Python与机器学习实战：决策树、集成学习、支持向量机与神经网络算法详解及编程实现,62.79
包邮 Python金融实战+python金融大数据分析 2本 python数据分析方法教程,129.00
包邮 物联网Python开发实战,49.90
精通Python网络爬虫：核心技术、框架与项目实战 计算机与互联网 书籍|5386911,48.30
电子工业：Python 3学习笔记(上卷) 雨痕,66.75
包邮 Python机器学习算法 Python语言编程教程书籍 python数据分析书籍,53.50
程序设计导论：Python语言实践 计算机与互联网 书籍|5007973,55.30
从零开始学Python网络爬虫 计算机与互联网 书籍|6821955,41.30
Python程序设计（原书第2版） 计算机与互联网 书籍|8053459,83.30
正版包邮 Python核心编程第3版中级Python开发 Python基础教程学习手册,73.00
2本 数据结构 Python语言描述+Python基础教程 第3版,120.00
2本 数据结构 Python语言描述+Python程序设计 第3版,98.60
Python全栈开发实践入门 Python语言编程教程书籍 Docker容器技术前端开发,49.50
树莓派开发实战 第2版 python开发从入门到精通,63.60
python数据分析实战 了解数据分析全貌,59.00
PySpark实战指南：利用Python和Spark构建数据密集型应用并规模化部署,44.10
深度实践OpenStack：基于Python的OpenStack组件开发     喻涛,71.10
Python文本分析      数据科学与工程技术丛书         机械工业出版社,71.10
Python+Spark 2.0+Hadoop机器学习与大数据实战机器学习算法与大数据技术,73.80
清华大学：Python 3.7从零开始学,59.25
Python极客项目编程 python核心编程基础教程书籍 python编程语言从入,51.60
现货正版 流畅的Python python编程教程书籍 python代码大全,103.00
包邮Python数据科学手册 Python数据分析计算教程书籍,82.50
包邮 Python科学计算基础教程+ Python地理空间分析指南（第2版）Python语,95.80
区域包邮Python高手之路+Python自动化运维   Python编程入门书籍  2本,89.00
预测分析：Python语言实现 预测分析建模教程书籍 数据可视化分析技术书籍 数据挖掘建模,42.60
Python机器学习算法+大战机器学习+机器学习及实践+TensorFlow实战 4本,186.00
正版 笨办法学Python 3 基础编程从入门到实践核心编程语言书籍计算机程序设计从零到,50.40
Python爬虫开发 从入门到实战 微课版 微课版Python爬虫 案例丰富 讲解详细,39.80
全新正版书籍 Python 3网络爬虫开发实战 崔庆才 人民邮电出版社 978711548,78.20
正版 Python新手使用Django架站的16堂课 何敏煌Python语言程序设计教程,68.60
虫术 Python绝技 梁睿坤 著 Python 3网络爬虫开发实战教程书籍 深入分析爬虫测试与调试,99.00
零起点Python足彩大数据与机器学习实盘分析  何海群著 Python编程语言教程书籍 Panda,73.20
Python编程与问题求解 python语言编程教程书籍 python入门书 python',59.80
PySpark实战指南 利用Python和Spark构建数据密集型应用并规模化部署 Apache S,36.30
Python 3学习笔记上卷雨痕 python3.6语言教程书籍 python编程从入,66.60
Python编程从零基础到项目实战(微课视频版),45.50
Python网络爬虫从入门到实践,36.80
利用Python进行数据分析 9787111436737,60.50
2本 Python编程从零基础到项目实战+利用Python进行数据分析 原书第2版,132.80
Python核心编程 第3版 英文版,70.70
零基础学Python 附光盘python基础教程 零开始从入门到精通,59.00
Python数据科学实践指南,44.30
正版 PYTHON基础教程（第3版） （挪威）海特兰德　人民邮电,79.20
正版 PYTHON从菜鸟到高手 李宁 清华 9787302507161,110.10
机械工业：Python学习手册（原书第5版）,159.00
包邮 Python科学计算基础教程+Python科学计算(第2版) 2本,124.80
包邮   NLTK基础教程——用NLTK和Python库构建机器学习应用,35.60
包邮预售 Python程序设计基础（原书第4版）托尼·加迪斯/计算机科学从书|8054079,69.30
Python深度学习,47.79
人民邮电：程序员学Python,62.00
2本  流畅的Python Python编程 从入门到实践 python数据分析代,162.90
深入浅出深度学习：原理剖析与Python实践,57.70
包邮 程序设计导论：Python语言实践|5007973,55.30
包邮 Python贝叶斯分析|7296276,55.20
正版 Python带我起飞 入门 进阶 商业实战 李金洪 Python3.5视频教程书籍,66.60
正版 Python基础教程 第3版 袁国忠手教授Python编程实践Python从入门到,75.30
Python数据科学手册,88.29
Python数据科学,82.17
Python 3.6零基础入门与实战,48.97
实用机器学习 python机器学习入门教程书籍 机器学习 算法,53.80
正版 Python Web开发实战 董伟明Python语言编程教程Python Web开,80.80
Python Web开发实战 python搭建web服务器 Python编程实践教程书 web前段开,74.80
Python数据分析,47.79
Python物理建模初学者指南,47.79
Python机器学习 5个数据科学家案例解析,41.34
程序员学Python Python编程入门进阶指南 程序设计领域学者裘宗燕教授力作 Py,89.00
Python程序设计——从基础到开发,35.80
Selenium自动化测试 基于Python语言,35.60
2本 Python编程 从入门到实践+利用Python进行数据分析,152.50
树莓派就这么玩 配视频教程 树莓派实战指南 树莓派Python编程指南 编程教程 程序设计教材 树莓,39.90
正版 Python编程之美 #佳实践指南 夏永锋 Python百科学习指南编辑工具配置代,72.20
Python计算机视觉编程 核心编程设计开发基础教程 动态脚本语言教材 python高手之路 pyt,47.10
Python爬虫开发 从入门到实战 微课版 微课版Python爬虫 案例丰富 讲解详细,49.80
用Python写网络爬虫 *二2版 python3网络爬虫开发实,49.00
达人迷 Python趣味编程10例 Python入门到实践 青少年编程书籍 STEAM&,66.80
Python语言程序设计 Python编程书籍 计算机科学丛书 程序设计,59.00
21天学通Python第二版 零基础入门学习python程序设计python基础教程 pyhton,43.70
教孩子学编程Python语言版 python从入门到实践 python核心技术 python零基础入,59.00
Python学习从入门到实践,40.80
软件架构-Python语言实现,67.20
从零开始学Python网络爬虫,50.20
miro:bit魔法修炼之Mpython初体验,46.80
Python 3程序开发指南（第2版 修订版)从入门到实践教程书,49.30
Python Linux系统管理与自动化运维,62.30
Python网络数据采集 python语言网络数据采集教程书籍 python编程基础入门教程 网络爬,41.40
Python数据分析与应用 企业真实项目案例 源代码等相关学习资源 大数据 数据分析 数据挖掘 高职,35.40
[正版二手] Python数据科学实践指南9787111566526纪路/机械工业,24.00
Python数据科学手册,62.10
Python数据挖掘：概念、方法与实践,44.30
Effective Python-编写高质量Python代码的59个有效方法 [美]布雷特,48.50
OpenCV 3计算机视觉:Python语言实现(原书XX版) 畅销书籍 正版OpenCV,40.20
像计算机科学一样思考Python(XX版) 畅销书籍 正版像计算机科学一样思考Python,39.20
Python编程从入门到实践+学习编程步 零基础上手Python开发 全2册 pyhton从入门,168.80
OpenCV算法精解 OpenCV教程书籍 C++和Python代码拆分算法实现方法 数字图像处理基,79.00
Python深度学习+Python从小白到大牛 2册套装 计算机编程语言与程序设计书籍 机器学习基础,114.00
跟老齐学Python：Django实战,51.60
包邮 Python程序设计|4925687,55.30
Python 3爬虫 数据清洗与可视化实战+Python 3网络爬虫开发实战+神经网络编程 3本,163.80
【Python书籍】零起点Python足彩大数据与机器学习实盘分析 何海群 Python,76.20
包邮 Python学习从入门到实践 python基础教程书籍 Python核心编程 书籍,39.50
包邮 树莓派开发实战（第2版）+数字匠人:树莓派Python编程指南 2本,112.00
包邮 Python编程-从入门到实践＋Python网络爬虫从入门到实践 2本 核心编程语言书籍,99.00
包邮 Python地理数据处理+Python数据抓取技术与实战 2本  python编程语,93.00
包邮 深入浅出深度学习：原理剖析与Python实践,60.50
基于ArcGIS的Python编程秘笈(第2版) 9787115438041,53.80
Python与量化投资,81.18
Python高性能 *2版 机器学习 人工智能 信息检索 数值计,59.00
3本套 python基础教程 Python3.5编程从入门到实践 Python神经网络编程 网络爬虫,238.00
Python神经网络编程人工智能深度学习机器学习领域图书籍,49.80
贝叶斯思维 统计建模的Python学习法,44.59
Python大战机器学习+TensorFlow实战+Python机器学习及实践+Tenso,198.80
包邮 机器人Python极客编程入门与实战 Python极客团队 python极客机器人编,44.80
Python自然语言处理,72.09
Python高性能编程,63.99
包邮  深度学习原理与TensorFlow实践+Python大战机器学习 共2本,116.00
包邮 Python与机器学习实战+深入浅出深度学习:原理剖析与Python实践 2本,112.00
包邮 预测分析 Python语言实现+预测分析建模:Python与R语言实现 2本,104.00
Python程序设计  计算机科学系列丛书  程序设计 编程书 计算机 程序设计教材 python编,58.50
Python极客项目编程 python核心编程基础 python编程语言从入门到精通 python学,48.50
包邮 Python网络爬虫从入门到实践 python数据抓取技术教程书籍 python网络,38.80
正版 Python编程 从入门到实践+核心编程 第3版(全2册) Python3.5编程,145.50
包邮 轻量级Django+Python高效开发实战  2本,97.00
Python计算与编程实践 多媒体方法 原书第2版  Python程序设计入门 Python编程宝典,51.10
正版 Python基础教程 第3版 + 数据结构 Python语言描述 编程语言 计算机,132.50
预测分析建模：Python与R语言实现 计算机与互联网 书籍|4980710,55.30
包邮  营销数据科学：用R和Python进行预测分析的建模技术,63.50
python 程序设计入门到实战 python基础教程 python核心编程 python编程从入门,50.40
数据科学导论：Python语言实现 计算机与互联网 书籍|4974300,34.30
R用户Python学习指南：数据科学方法 计算机与互联网 书籍|8053722,48.30
软件自动化测试开发  java和python测试开发实用指南/Web自动化测试/软件自动化测试技术书,43.70
Python Qt GUI快速编程 PyQt,59.00
（正版） 跟老齐学Python：轻松入门  9787121306624,50.20
Python程序设计开发宝典 清华大学出版社 董付国 9787302472100,52.40
包邮OpenCV算法精解：基于Python与C++ OpenCV入门教程书籍,59.00
Python与量化投资：从基础到实战 王小川 电子工业出版社,71.00
零基础入门学习Python,38.12
Python机器学习,65.57
21天学通Python（第2版）,49.04
Python游戏编程快速上手第4版编程入门教程书籍,49.30
Python地理数据处理 Python地理数据技术教程书籍,57.60
从零开始学Python网络爬虫,48.97
面向ArcGIS的Python脚本编程,39.69
Python网络爬虫实例教程 视频讲解版 大学教材,49.80
2本 Python编程从零基础到项目实战+Python编程之美 最佳实践指南,109.80
Python项目开发实战 第2版 Web前端开发教程书籍 Python编程,56.40
Python自动化运维技术与最佳实践 程序设计编程,51.60
全新正版！Python 3标准库 道格 赫尔曼 华章程序员书库计算机软件工具程序设计详尽参考机械工业,150.00
Python机器学习入门英文版影印版安德烈亚斯·穆勒东南大学出版9787564169060,71.50
自学Python 编程基础 科学计算及数据分析 Python初学者自学笔记,56.60
机器学习系统设计：Python语言实现,44.30
2本 Scratch少儿趣味编程 python编程入门教程 家长孩子一起学编程书籍,98.60
Python金融实战+python金融大数据分析 2本 python数据分析方法教程,129.90
包邮 数据天才：数据科学家修炼之道+Python大战机器学习:数据科学家的*一个小目标,117.00
Python程序员面试算法宝典 张波 楚秦 等编著/机械工业出版社/9787111607,58.50
包邮达人迷 Raspberry Pi趣味编程13例 python 编程入门 树莓派,66.60
Keras快速上手 基于Python的深度学习实战 keras编程教程书籍  谢梁,56.80
2本 精通Python爬虫框架Scrapy +用Python写网络爬虫 第2版,77.10
3本 数据结构 Python语言描述+Python算法教程+Python基础教程 第3版,169.30
Python机器学习算法 赵志勇 著  深入分析机器学习,49.90
Python绝技：运用Python成为黑客,56.90
Python程序设计 第3版 Python入门教程书籍,49.50
Python数据科学：技术详解与商业实践,74.00
包邮 程序设计导论：Python计算与应用开发实践（原书第2版）|8053725,69.30
【全2册】零基础入门学习Python+Python 3.0科学计算指南 李佳宇 零基础入,98.70
包邮 玩转Python网络爬虫+Python 3网络爬虫开发实战+Python 3.5从零开始学,169.80
Python 3学习笔记 上卷 python基础教程 python编程从入门到实践 python程序,60.60
数据科学导论：Python语言实现,36.80
Python从入门到项目实践,70.00
机器人Python极客编程入门与实战 9787121322921,40.10
Python编程基础 9787115434142,30.60
（正版） Selenium 2自动化测试实战——基于Python语言  978712127,38.40
从零开始学PYTHON数据分析与挖掘,65.57
Python并行编程手册,48.38
程序员学PYTHON,72.09
跟老齐学Python,56.58
教孩子学编程（Python语言版）,47.79
知识网络与合作网络的关系——基于Python编程 格致出版社 张晓黎 新华书店 配送,50.20
PYTHON从小白到大牛   关东升 程序设计Python爬虫科学计算机器学习书籍,72.00
Python编程从入门到精通 零基础学编程基础教程核心编程图书 网络编程web开发大数据,79.00
青少年学Python 编程真好玩 趣学Python 赠教学视频 Python入门书 全彩,79.00
预售 预计6月上旬发货 达人迷 Python趣味编程10例 Python入门到实践 青少,57.90
Python 3面向对象编程-第2版-(影印版),70.40
Python高性能-(第2版),50.20
Python数据抓取技术与实战,41.70
Python网络爬虫从入门到实践,41.70
Python程序设计教程,33.80
Effective Python:编写高质量Python代码的59个有效方法 978711,38.40
Python高性能编程 python 编程,63.20
Python 3.6从入门到精通（视频教学版）,75.70
Python网络爬虫实战（第2版）,67.20
Python爬虫开发与项目实战,67.20
Python 3.7从零开始学,67.20
精通Python网络爬虫-核心技术.框架与项目实战,58.70
从python开始学编程,41.70
Python程序设计基础（第2版）,41.70
Python程序设计入门,33.20
Python编程基础 9787115434142 闫俊伢,29.30
Python数据分析基础教程:NumPy学习指南(XX版) 畅销书籍 计算机ython数据,39.20
Python网络爬虫实例教程 视频讲解版,40.34
趣学Python编程 Jason Briggs,36.70
"Python 3程序开发指南(XX版 修订版) [美]萨默菲尔德,王弘博,孙传庆",54.90
教孩子学编程 Python语言版 [美] Bryson Payne,47.30
Python高性能编程 [美] Micha Gorelick 戈雷利克 Ian Ozsva,62.50
跟老齐学Python Django实战 齐伟著,55.60
Python设计模式(XX版) 畅销书籍 计算机 正版 [印度]Chetan Giridh,31.60
包邮 深度实践OpenStack：基于Python的OpenStack组|7502219,55.30
Python机器学习,67.20
2本套 Python编程入门到实践 流畅python 核心编程的基础教程书籍 python3.5计算,212.00
正版 Python核心编程第3版 python3爬虫数据分析 python入门实战书籍 python,96.00
用Python写网络爬虫,36.60
Python语言在Abaqus中的应用(含光盘),35.00
Python自然语言处理+Python计算机视觉编程2本,113.00
Python与机器学习实战：决策树、集成学习、支持向量机与神经网络算法详解及编程实现,44.90
Python 3 面向对象编程(第2版),83.16
Python高效开发实战——Django、Tornado、Flask、Twisted,80.99
Keras快速上手：基于Python的深度学习实战,67.15
包邮 Python与量化投资：从基础到实战+量化投资：以Python为工具 2本,149.00
2本 Python3 网络爬虫开发实战 + 用Python写网络爬虫,105.70
流畅的Python python数据分析代码大全入门到精通教程,99.30
2本 Python编程从零基础到项目实战+精通Python爬虫框架Scrapy,86.00
Python自然语言处理 编程语言程序设计书,63.60
Python参考手册 第4版 修订版,63.60
零起点Python大数据与量化交易,74.00
精通Python网络爬虫：核心技术、框架与项目实战 爬取技术与反爬公关技巧,51.60
Python与机器学习实战,51.60
FLASKVEB开发：基于PYTHONR的WEB应用开发实战（第2版）,55.20
清华大学：Python 3.6从入门到精通（视频教学版）,66.75
包邮  Python机器学习实践指南+ 零起点Python机器学习快速入门,96.00
包邮  零起点Python机器学习快速入门+ 面向机器智能的TensorFlow实践,96.00
实用机器学习+Python机器学习及实践：从零开始通往Kaggle竞赛之路,89.60
包邮精通Python自然语言处理+NLTK基础教程 2本 python开发教程书籍,80.90
Python与机器学习实战：决策树、集成学习、支持向量机与神经网络算法详解及编程实现,49.90
包邮 程序设计导论：Python语言实践（英文版）|4912462,97.30
利用Python进行数据分析 python编程教材 数据采集 数据思维 数据挖掘 精通数据科学,66.00
Python语言及其应用python语言程序设计Python程序设计教程Python书籍python,55.50
正版 从零开始学Python数据分析 视频教学版 罗攀 软件程序设计Python数据分析,56.20
Python设计模式 第2版 python语言编程书籍 python程序设计,27.30
【计算机网络】Python大战机器学习：数据科学家的第一个小目标 算法笔记 人工神经网络,210.80
Python可以这样学 零基础学习python的指南 Python基础教程书籍 Python代码优化,51.10
Python基础教程 第3版 图灵程序设计丛书 编程新手入门 软件工具 python基础学习手册 p,69.50
Python与有限元--基于Python编程的有限元分析及应用扩展 Python编程有限元分析开源框,32.30
Python科学计算(附光盘第2版)网站开发管理应用程序 Python数据库创建工具 程序设计语,83.60
Python算法教程 python语言编程入门书籍 Python程序设计教材Python基础教程 利,48.50
Python数据挖掘入门与实践 python3爬虫数据分析 挖掘基础教程/python数据挖掘导论算,41.40
Selenium2自动化测试实战:基于Python语言 虫师 本书适合软件功能测试人员、软件自动化测,59.00
[正版二手] Python入门-(影印版)9787564159139卢布诺维克/东南大学,36.00
机器学**统设计：Python语言实现,44.30
青少年学Python 编程真好玩 趣学Python 赠教学视频 Python入门书 全彩印刷 正版,57.70
Python 3标准库,149.25
编程真好玩+ 趣学Python-教孩子学编程 组套装,102.90
Python数据分析(第2版),50.40
Python 深度学习实战 Python机器学习算法教程 神经网络建模强化学习方法迁移学习解决方法,58.50
Python Qt GUI快速编程:PyQt编程指南 计算机网络 python语言编程入门教程书籍,58.00
Python数据分析基础 零编程经验学会Python编程从入门到实践python3.0绝技核心编程基,48.50
Python书籍入门教程 零起点Python机器学习快速入门 何海群机器学习周志华 深度学习中文版d,43.70
笨办法学Python 3,47.20
零基础入门学习Python,42.08
Python爬虫开发与项目实战,59.30
Python自然语言处理,59.30
"Python计算机视觉编程[美]Jan Erik Solem,朱文涛97871153523",207.00
（正版） 零起点Python大数据与量化交易  9787121306594,84.20
（正版） Keras快速上手：基于Python的深度学习实战  9787121318726,53.70
Python绝技：运用Python成为黑客出版社:电子工业出版社9787121277139,212.00
零起点Python大数据与量化交易何海群9787121306594电子工业出版社,198.00
Python机器学习英文版影印版塞巴斯蒂安·拉什卡东南大学出版社9787564170776,70.00
HEAD FIRT PYTHON(第2版),99.84
Python测试驱动开发,96.39
Python高级编程（第2版）,72.09
Python参考手册（第4版·修订版）,72.09
Python数据分析从入门到精通,56.58
Python程序设计（第3版）,55.89
从零开始学Python网络爬虫,48.97
Python并行编程手册,48.38
Python高手之路（第3版）,44.55
Python数据挖掘入门与实践 畅销书籍 计算机 正版 [澳] Robert Layton,46.80
Python编程快速上手:让繁琐工作自动化 畅销书籍 计算机 正版Python编程快速上手,54.40
